,A,B,C,D
2000-01-01,-0.16804880088288796,0.3076737949448158,0.7400435793890197,0.8484295009437856
2000-01-02,-1.2351924493041986,-0.7568317259442088,1.5768171764749495,1.1787912229967286
2000-01-03,-0.6460244337794134,-1.4220517413459635,2.5811403617700286,-1.3796492244852372
2000-01-04,-1.4408922216313735,-2.4039277892946305,4.468981820792495,-1.4532843049547648
2000-01-05,-2.839740518405656,-3.4645311391256284,3.7867449579833776,0.1769966047944922
2000-01-06,-2.4936875027708143,-3.489216988591032,4.113441974857432,-0.8688397705559372
2000-01-07,-2.6792200029163333,-4.851125484680165,5.187899252523915,-1.9197539107318438
2000-01-08,-2.9754630491593694,-5.727072106523392,5.771839934233319,-2.3564857415263845
2000-01-09,-2.139646335502281,-6.1105015335926325,7.6379352104851,-2.715031623273139
2000-01-10,-1.8205507709177513,-6.988072501513594,7.804888821908986,-2.3402938370658117
2000-01-11,-1.5304623198641227,-8.070747875428,6.8701933844978695,-1.4621773299186804
2000-01-12,-3.3947565839175873,-7.799870471604924,4.499839196205011,-0.6405827104350499
2000-01-13,-4.386643270468186,-9.849698535309653,4.447668466073847,-0.49923763861282044
2000-01-14,-4.229888243593514,-8.160035572614976,2.3305651969049412,1.248960137538445
2000-01-15,-4.740247548922951,-6.836631486564982,0.7868792357244634,-0.48566779606292876
2000-01-16,-4.907783188156629,-7.076870740155398,1.73058621780183,-0.23328692887999408
2000-01-17,-5.42007575119742,-8.009685894355226,1.0918755816875843,-1.0963149655229774
2000-01-18,-5.6339667373418045,-8.19442021820821,2.1464373352557424,0.086996648154825
2000-01-19,-4.859731573188703,-7.643300321144509,0.8683033729584579,-1.4890213852923297
2000-01-20,-4.106834985349156,-7.108584358343029,0.15030453238984354,-0.9113452625284933
2000-01-21,-3.4588613101429755,-6.966221913447678,1.072058542662847,-0.7694878260687151
2000-01-22,-3.47171493080759,-6.870262278163815,-0.13204387995149247,-0.4700839472733529
2000-01-23,-1.5974824023785819,-7.6573357034907605,-0.9089530193139134,-0.2751430302271355
2000-01-24,-2.517664229694809,-6.856633936200891,-1.0713117787442115,-0.5408634696529595
2000-01-25,-1.560840406941163,-9.151285644791189,-1.244859831479171,0.5006120995505767
2000-01-26,-1.597173617421027,-8.133671889466433,-0.6722311759454473,0.199594754887362
2000-01-27,-3.1338021924335804,-8.992909269994843,-2.6686971030487667,-0.5496257106824308
2000-01-28,-3.0217150284590226,-9.11707990317111,-3.551015981043014,0.44552784297791026
2000-01-29,-3.6776503499819326,-8.15175558735907,-2.2252297351687815,1.4729659131051087
2000-01-30,-4.667604816544014,-8.265454289176589,-3.7554820912857245,1.882887553581313
2000-01-31,-5.168485785853071,-8.689379398820938,-4.65191603629549,0.47012243763578
2000-02-01,-6.4004924164849895,-8.49277940321891,-5.364041685626313,0.1958145178612693
2000-02-02,-6.200845024447036,-7.936589953497886,-5.4849119469094365,-0.2739040076322198
2000-02-03,-5.334755949772355,-7.6233102625635425,-3.0766482110663733,0.3513855814370701
2000-02-04,-4.610736571079464,-8.197728447540516,-4.357459419229495,-1.5276186673704362
2000-02-05,-5.285002250919591,-8.697164622209906,-5.3101050417802576,-2.3128928191077893
2000-02-06,-5.350870144854947,-10.10131729086912,-5.543458857381395,-2.441763660541181
2000-02-07,-6.6004667797278,-10.893096385202767,-5.900147501209825,-0.20043125398312034
2000-02-08,-8.931759911016467,-10.344981713039148,-6.613922056829485,-0.5385691395329044
2000-02-09,-9.37431398880607,-9.565886240610368,-5.420002055063107,-0.11635132054856778
2000-02-10,-10.57984897069712,-9.895793632780448,-6.846035616990337,0.23407140981647484
2000-02-11,-11.864180131227647,-9.684856384956108,-7.498010984691171,0.526908249523341
2000-02-12,-13.316360089945116,-10.06542369770793,-7.834130292331614,1.3641808722957747
2000-02-13,-13.610516830554815,-8.64723590805122,-9.635204987031443,0.6986039119393982
2000-02-14,-14.059486526243251,-9.343067978974355,-8.098560728187898,0.5180120516074643
2000-02-15,-14.840181950946318,-10.978995070239447,-9.271581382755425,0.6748001264495221
2000-02-16,-16.338411283506826,-11.497788777813925,-9.819070392979407,1.3137586630742635
2000-02-17,-15.954842438284931,-12.315331873666846,-10.335024271919055,1.2909458302854753
2000-02-18,-16.301196225423062,-11.894299073630322,-11.606412914285611,0.9722199189269533
2000-02-19,-15.351920037978184,-11.399841431323722,-13.110889097199516,1.2512507674960114
2000-02-20,-15.364676181777474,-12.611294073582798,-12.92606684609595,-0.9135332894835764
2000-02-21,-16.435770270240045,-12.056912132130508,-13.50372189905756,0.5706876773735277
2000-02-22,-14.021305337219157,-12.0590753423493,-15.346343372034323,1.1227120131885386
2000-02-23,-13.190794851631756,-10.748090509842843,-13.711608176096398,0.8983052530058397
2000-02-24,-15.277978110462413,-11.198045461129876,-13.847807167552624,1.3051537973247394
2000-02-25,-15.243700068018962,-10.51707001444756,-13.509714620779748,0.6664869960758233
2000-02-26,-16.592176322759926,-12.236405598263929,-12.814153811370394,1.2708124332648896
2000-02-27,-16.209045644817788,-10.594837404854553,-13.980216296739547,-0.4446208790164381
2000-02-28,-16.6066722042301,-9.34708182566704,-13.27503389856861,-0.02517781660778956
2000-02-29,-16.339268510703242,-8.249335493696815,-14.390035752040623,-1.3466514970628718
2000-03-01,-18.402603176618467,-8.833294555329125,-14.689846427052947,-1.1941158436391257
2000-03-02,-19.26934493297348,-7.6994747477902035,-14.6940363021873,0.4318196474290472
2000-03-03,-20.46758544363825,-9.605500978975194,-16.12243817775076,0.7062737147513427
2000-03-04,-20.770662764345047,-8.934486502868234,-15.460656253139488,0.11828594761262667
2000-03-05,-20.90194840371802,-8.779999039650896,-16.32823870895122,-0.1903560244910324
2000-03-06,-22.143950451009076,-7.741011458877801,-15.739893344024237,-1.5145175906899673
2000-03-07,-21.13335804682372,-7.883788965946032,-13.017253626891735,-1.674307891940419
2000-03-08,-20.19813186498127,-9.299792895632827,-13.341640942414585,-1.8356682351918865
2000-03-09,-19.588902847486764,-10.648259117534305,-13.552653480900226,-1.8559734641712111
2000-03-10,-21.1050427940554,-11.261947476707434,-12.411130818088663,-0.9677192296377769
2000-03-11,-21.186964477537202,-11.090050748392132,-13.479914466888308,0.3332796822994909
2000-03-12,-20.03143623495896,-11.99319786159229,-13.437269846449531,-1.4940201356383946
2000-03-13,-20.056930493189356,-12.266026505791267,-13.917874991872642,-2.8237041777463228
2000-03-14,-19.21430298917875,-11.710858622093953,-13.715754041391333,-3.223092893967917
2000-03-15,-19.401286986058654,-11.451843602240082,-12.470388118084609,-1.7822746601092674
2000-03-16,-17.70692643860931,-11.290558842589734,-12.21244401173463,-1.8702699110911762
2000-03-17,-17.879177219333535,-11.910089516504733,-13.43690891963436,-2.1797225699300435
2000-03-18,-17.81897986318621,-11.904412252116781,-13.593730889800678,-2.7237191248595813
2000-03-19,-18.028244907495008,-12.80151363184168,-15.764887454372069,-2.1846238286787787
2000-03-20,-16.164719354471227,-13.22012292246488,-15.15720254275685,-1.0713681794993162
2000-03-21,-16.056349373991694,-13.5640235151442,-15.782688706011452,-1.8643033582021529
2000-03-22,-17.2637377791386,-14.989933206660314,-14.97991528175056,-0.1516128205847147
2000-03-23,-15.667504172945307,-16.205369560762243,-14.168397267084163,0.15370458091159234
2000-03-24,-16.64736169688835,-17.487901248737536,-13.326310542586423,1.1276939050035437
2000-03-25,-16.96984315011624,-18.510242046325793,-12.56413301090477,2.384599115856146
2000-03-26,-17.681071746729884,-19.262258319970847,-11.65814610838365,1.585315345050021
2000-03-27,-16.3532179763726,-19.408904926425723,-9.517952531326092,1.3088646085876254
2000-03-28,-18.185249802406197,-20.91590922346195,-10.648197195538375,2.8104163725828353
2000-03-29,-18.69063327499939,-21.165109146757494,-11.606180557084395,4.016253030981108
2000-03-30,-18.501093068131226,-21.97984335738216,-10.352619104569051,5.536208784673238
2000-03-31,-18.73202053927643,-21.406579533981745,-10.090907728728908,5.3635547897554465
2000-04-01,-19.998424081666347,-21.53317736204052,-9.795854949346722,6.624484060653819
2000-04-02,-20.248993518163676,-20.21902198931915,-8.71614619690166,5.708034629791612
2000-04-03,-20.20501493525363,-20.21919295506374,-10.300976408073899,6.741355368165618
2000-04-04,-20.21826800447775,-22.291518851219045,-9.851869962676066,5.806701203712295
2000-04-05,-20.44205391240283,-21.33339672914664,-11.447338694644547,7.944380863036002
2000-04-06,-20.286189293566736,-19.403447348839958,-11.18309140979152,6.8279862528532815
2000-04-07,-19.61727706299315,-18.721649165866936,-9.261146153532811,6.305937498253366
2000-04-08,-20.994103087122426,-18.663628526898233,-9.184846247142206,6.771925195085818
2000-04-09,-21.10210341209812,-20.142362732718812,-8.03918284998742,6.680741598731039
2000-04-10,-21.20724385577112,-20.628821035942845,-8.848504186459994,6.285504162470727
2000-04-11,-22.082708017795195,-22.864490080245382,-8.444627668094876,6.734880231234435
2000-04-12,-22.419695604082108,-23.96051764273651,-9.19410526272683,7.813866020969979
2000-04-13,-23.326316003998606,-23.20889534853093,-8.732550659798015,7.80698211336485
2000-04-14,-21.907073246972352,-22.525207263045612,-9.412319341502846,10.16064142564947
2000-04-15,-22.132564534164544,-23.791872230971407,-8.304993378402663,10.011218841500412
2000-04-16,-20.961729608176533,-23.363726698579814,-7.608579756312726,9.933967691259397
2000-04-17,-21.300851072254346,-23.556112147538332,-7.19273598245308,10.192683382119402
2000-04-18,-23.090286249393504,-24.2056516240473,-4.986623948671247,11.582557305513731
2000-04-19,-23.68103907957649,-22.35380608025884,-7.784476625984859,11.712695527271645
2000-04-20,-25.65003847659941,-22.992783328166652,-6.999170346203261,10.984573718911411
2000-04-21,-25.670179918737645,-24.03891955002595,-6.095349925125453,9.92705433926952
2000-04-22,-27.075694047740363,-24.267420344645693,-8.13479572629588,12.248780973994947
2000-04-23,-26.43753487741662,-24.43254030248265,-6.486624306983607,13.324451075344665
2000-04-24,-24.76234167928073,-23.233385641929313,-4.639691029334818,12.929760636641252
2000-04-25,-23.74707330585459,-24.579060388064566,-5.4057770156178915,13.469689065049062
2000-04-26,-23.097470058545927,-24.66788220333515,-6.047802155806151,14.145715819726687
2000-04-27,-23.394197339413353,-25.718470121381994,-6.476814431350909,12.978937764666709
2000-04-28,-23.189142631345874,-25.473850171516258,-7.876529725425095,13.037943949630884
2000-04-29,-23.136241688452493,-25.49659443876253,-9.198271866392448,12.261005376189782
2000-04-30,-24.63156824999446,-26.101968619996565,-8.588539754240356,12.711516155041725
2000-05-01,-24.1332475182262,-26.904504522985334,-8.30444436886465,12.310492211514777
2000-05-02,-22.973286837769844,-26.3604960817506,-7.685063420765994,14.261064583733043
2000-05-03,-23.02227404305909,-25.36420522346157,-6.302646767616424,16.923814719050423
2000-05-04,-24.589527648007994,-26.208270613201062,-6.061380438308951,16.759524845653225
2000-05-05,-24.38245866999605,-26.289337599261444,-6.05881086161981,16.415586062514105
2000-05-06,-23.627843119960353,-26.864980027297182,-6.3210686094926265,15.523492308300346
2000-05-07,-23.003887892211416,-28.393477997411292,-5.617412092473905,14.115459507919185
2000-05-08,-21.450456227522416,-28.455132114591503,-6.202740394722395,14.83547419343636
2000-05-09,-22.54268494033138,-28.567007780950703,-6.1006460692277376,15.947002689063474
2000-05-10,-21.303742083162305,-29.984260957020645,-4.224037084421694,16.609991250182212
2000-05-11,-21.423195730043602,-29.02965772147038,-4.667538276221417,16.255942123778024
2000-05-12,-22.266473169897534,-29.334179051311157,-4.926522062780668,16.34121511074711
2000-05-13,-23.005987340171615,-28.929866878233256,-5.745792840811882,16.28549199073134
2000-05-14,-23.488378964447598,-29.547298748361868,-7.6188193703412015,16.137301938049443
2000-05-15,-23.154167559058035,-29.77856623059263,-8.639298557200387,15.587666746396907
2000-05-16,-22.885958219712748,-30.015113032397142,-6.867155547499267,16.953861669811594
2000-05-17,-22.447673137388108,-29.5696548497981,-5.665760078856057,17.629190459751335
2000-05-18,-23.82075037536349,-29.923341980309043,-3.7450268549619614,18.74564094832538
2000-05-19,-23.328508326185215,-28.416348505731673,-4.090432845149661,18.217046593929147
2000-05-20,-22.85422693223728,-28.60660346757348,-3.9568730283193374,17.0682994317614
2000-05-21,-21.757504055190505,-28.502436784529365,-2.7235004364214683,16.470756440974448
2000-05-22,-20.989156268940526,-28.185841088457515,-1.5972931914960344,16.891980818954814
2000-05-23,-21.658846943643898,-28.15000910031713,-2.478178769754911,17.45074629956765
2000-05-24,-22.53280188163489,-28.204619328190848,-1.997511763921116,17.358744094443715
2000-05-25,-22.401480251932725,-28.893535010393478,-1.0193031377662403,16.869427247338475
2000-05-26,-20.14558056531785,-28.699085030433665,-0.8361152547128745,17.08427540613824
2000-05-27,-18.82774116970208,-29.030383076438007,0.7577579420829659,15.131005334261493
2000-05-28,-17.86630772192829,-29.108086159650448,1.1236859833771602,14.522269669893642
2000-05-29,-19.704885199381373,-28.268927340126712,3.44634205430383,12.777912848480582
2000-05-30,-20.086329769520912,-28.061946260201104,4.029751216291878,12.695599295995494
2000-05-31,-21.162204624429688,-28.397186314800724,4.366177315320406,12.760661668034402
2000-06-01,-20.869680637290617,-28.105254414183396,3.3892034451589828,13.885055786772458
2000-06-02,-20.056222012555413,-28.36068464697298,2.8241645883641935,13.391066463354308
2000-06-03,-20.06505779727518,-27.802673882775203,2.828826769893185,12.745812757433264
2000-06-04,-18.40588536403963,-26.50637816025972,3.2760805396730523,12.486862739734958
2000-06-05,-20.500991063560775,-25.573353210721837,1.9149734191084038,12.077616442994195
2000-06-06,-22.30382384789263,-26.21315950583568,0.18827088756844357,12.861160993433728
2000-06-07,-21.62105093105126,-24.589215072293747,-0.983719094209641,14.042177088286682
2000-06-08,-20.565595823658384,-26.676291817905526,-1.2378977600206116,13.200044200182175
2000-06-09,-20.843529763920134,-28.393590851489137,-0.369250203585172,13.942909126060092
2000-06-10,-21.85527890272592,-27.598083214245513,-1.6019179171022735,12.515093957288023
2000-06-11,-21.94109121434233,-27.944505394722444,-2.6579037062660844,12.252547282298329
2000-06-12,-22.184080021655085,-26.29534204546804,-4.194684654077871,11.660610160823573
2000-06-13,-20.86572838873928,-25.694483537777327,-4.6891099143012775,12.691277280610704
2000-06-14,-21.692564782812976,-23.55356556753187,-3.949022212118014,12.693742547883295
2000-06-15,-23.13717794215228,-22.312295119103872,-3.255917462763334,13.13307814558442
2000-06-16,-22.934016403926428,-21.087984506449565,-3.1239682367475385,12.131133374743484
2000-06-17,-21.66917779862811,-20.129510627563796,-2.1696781246440193,11.458350278639191
2000-06-18,-20.75911436340916,-19.537819545718534,-1.3646193409292031,11.525910074183054
2000-06-19,-19.660932111315358,-17.83376663316954,-1.165692989248472,10.499046625371948
2000-06-20,-18.57938702134788,-18.94299966930792,-0.6924156816860414,10.560442900755382
2000-06-21,-18.64121507400507,-17.999771661888452,-1.5970541143466221,10.343881415117023
2000-06-22,-18.875499216285245,-16.61083744416552,-1.0956621501472714,9.500326847950983
2000-06-23,-21.043861831049828,-16.604902054649358,-0.01623753276638351,7.359109250162501
2000-06-24,-22.789765731812214,-15.64423091646584,0.7570677766009,7.854815747451871
2000-06-25,-23.810136390544756,-16.065206148897566,1.2670646190797359,7.8108286509752585
2000-06-26,-23.657527406001467,-14.657070981536902,1.023886831562854,6.834560189700163
2000-06-27,-24.119119064697273,-14.527396109412996,2.2697716643055017,6.634417786105872
2000-06-28,-23.860386995809904,-14.998600832684508,3.298112422436907,5.302456273108317
2000-06-29,-23.879870323984246,-15.528689208174658,1.306544989897889,4.726221226306841
2000-06-30,-25.909680402942353,-17.54485578131054,0.4311908728520427,3.1541155960104046
2000-07-01,-27.348914901000967,-16.524779501563387,-0.5052940321537619,3.4135923598975717
2000-07-02,-27.62897133961038,-16.070260067473132,-1.1497560060896208,3.5790232882742132
2000-07-03,-27.33787364648539,-14.95089849878676,-3.205062332496306,4.934180306116162
2000-07-04,-27.798341305965412,-14.42579912014894,-2.141280891450668,5.751802905355276
2000-07-05,-27.97333018160287,-15.075728270519628,-4.092762424738097,5.053923380182362
2000-07-06,-28.84585573233394,-15.56915620598189,-3.749536618565923,5.784521237670364
2000-07-07,-27.895001203684544,-15.584078262417275,-2.756685760363225,5.941787769402097
2000-07-08,-28.108034120230084,-13.90897253735456,-2.083159152343608,5.93274870373795
2000-07-09,-27.640845541639088,-15.56486000223203,-1.7548039403219553,6.790970579012859
2000-07-10,-27.68874280366829,-15.842400213484417,-1.6421024249043712,6.198137509283076
2000-07-11,-27.576106185674437,-14.821068828745984,-1.587463624426904,6.6989630651955405
2000-07-12,-27.332465317303306,-13.441900022111522,0.06926270463909279,6.305768127972819
2000-07-13,-27.100095729732903,-13.60508596771425,0.06090376003453394,7.04409009205219
2000-07-14,-26.46693654353298,-13.210340206350708,-0.3245345389495636,7.777173417904002
2000-07-15,-27.105206676757696,-12.457742230940953,-1.3041707913980272,7.7184393310715205
2000-07-16,-27.483177430393475,-12.586655022279412,-0.15520340192396032,6.83076621492164
2000-07-17,-29.31968871707561,-12.574219225055767,0.5945951335394284,6.702617663962932
2000-07-18,-29.001565922149936,-12.922693162270287,1.245418648218379,7.248761388382598
2000-07-19,-29.311721916046547,-11.98813791402636,1.6737127486355354,8.25526731715226
2000-07-20,-26.914576737897203,-12.233349992299182,2.5607452128217147,8.658542079568042
2000-07-21,-26.80391393082376,-12.798624971807273,2.0888939464170493,8.083731832811608
2000-07-22,-27.067642266355943,-11.23222511826696,2.5841469787300184,7.460964307117523
2000-07-23,-27.17560856704112,-12.755846565668252,3.5448165510329552,9.390709021989418
2000-07-24,-27.138175974459593,-14.089906525542357,3.3725194649161843,9.056363167922846
2000-07-25,-25.508988371233873,-15.293239817047537,1.8641730651735489,8.942529564460042
2000-07-26,-25.856996322492336,-16.541820284113882,1.5923826371256296,8.120691403593002
2000-07-27,-28.10269397620723,-17.483339456645826,0.6240395066329429,9.139676606984988
2000-07-28,-26.22319131047941,-16.882551455563036,-0.043882123372068205,9.2240171930322
2000-07-29,-26.281673289325827,-15.639660841377083,0.17818999768239968,9.081794067014746
2000-07-30,-24.19917493543097,-16.144275880776995,1.147196147069153,8.586099495681543
2000-07-31,-24.552958702279884,-14.821637612013593,2.8293240664368238,7.958820896402809
2000-08-01,-24.24311802928401,-15.316843537764502,3.4523378975574004,8.801866884519871
2000-08-02,-22.97164242106496,-15.647797500874672,3.0437849757892,9.61720200646347
2000-08-03,-22.755157284381074,-14.703488400795965,1.1536606697224852,9.522930987349595
2000-08-04,-22.189096641261788,-14.718543381714923,1.027924648680426,8.596465923984892
2000-08-05,-22.65642560198017,-14.697932104350965,1.6721301725117577,8.924838962878644
2000-08-06,-22.179865024250248,-13.381432028962447,2.6724501715449556,7.729639482349796
2000-08-07,-22.94042922781983,-13.359391445084821,2.5136343942325383,6.102680681131568
2000-08-08,-22.53385809222332,-13.341702890784374,2.9062779805622276,7.14477722313176
2000-08-09,-22.91482510474925,-14.066333129907406,1.9882146201485558,8.71428428742275
2000-08-10,-22.133251283397097,-14.764899230728046,2.4129452115128043,8.806594049294656
2000-08-11,-21.338542819786216,-14.065486218838808,3.791076854815948,9.168178072699336
2000-08-12,-20.577088173010353,-13.432637482245854,2.829698120887338,9.599867685373672
2000-08-13,-21.462110348973347,-12.049016863827578,3.948956188472171,9.714140046694432
2000-08-14,-22.256272439275975,-11.566390871276624,4.07247113532482,9.907177616382663
2000-08-15,-22.02611087856254,-12.004148880609836,3.096881347123739,9.255446776184284
2000-08-16,-23.044467452554276,-12.62089630982114,5.147319765382806,10.312888179382172
2000-08-17,-23.274576884382483,-12.3042036681428,5.209281007240314,11.914045613677873
2000-08-18,-23.196676872427393,-12.552642890041243,5.41554201009031,12.231522583649106
2000-08-19,-21.686696054270342,-12.37955142538078,4.264103459124641,11.477797787562375
2000-08-20,-21.610779037269385,-13.176519311245015,5.210231598193234,9.25850322172702
2000-08-21,-20.927316925950215,-11.289642178983627,5.709690962413284,9.553299771586927
2000-08-22,-19.842696587992606,-10.679886704499769,4.520891209677213,10.51929586293566
2000-08-23,-20.296630964501183,-10.627641949039955,5.9492780089809925,10.559962995813539
2000-08-24,-18.857630003922164,-10.696225136367655,5.7602142426594485,10.06258601570868
2000-08-25,-17.754088556495688,-10.443165935761629,7.050676111300178,10.685897042353801
2000-08-26,-17.616464618818,-10.369231305663929,6.612182536389833,11.093672868381384
2000-08-27,-15.628897285721969,-11.627687769268732,7.449581833474339,11.276815261032107
2000-08-28,-15.326472390966027,-12.240773299274673,8.345129781078978,12.45611714898117
2000-08-29,-14.306138146554048,-11.893180134840781,7.201561213621208,12.917074039804193
2000-08-30,-13.967883779662095,-12.30525131969663,7.584623925087711,12.638815224800043
2000-08-31,-12.987261941140527,-12.628891937978308,8.313971752703134,14.61831712565646
2000-09-01,-11.271813451073678,-13.819039337665405,6.386946396290224,15.041799074104889
2000-09-02,-11.36644759094277,-13.381713885955268,7.933637972358399,14.668474292729218
2000-09-03,-11.003783601723757,-14.31181764593494,6.455656186282211,13.175730809637479
2000-09-04,-10.903176756122928,-14.285214866670913,5.326877990884622,12.306127852957014
2000-09-05,-9.803929421520149,-13.697978952474163,6.932409433099354,11.073229267076306
2000-09-06,-10.20349111325821,-12.956620389824858,6.92527833880863,11.268815867620308
2000-09-07,-10.209547734038454,-13.535715832926359,5.989232078129748,12.458041848281303
2000-09-08,-10.774813409703304,-14.197352789565105,7.60787006375498,13.35090111423472
2000-09-09,-8.87566765640589,-12.73698191471032,6.6263748485707765,13.101439529535737
2000-09-10,-9.38870797652863,-12.108222966587594,7.179730707880703,12.978435923793683
2000-09-11,-9.660853517590596,-12.73986903359304,8.462895382552006,12.22973004945945
2000-09-12,-10.241056216469108,-12.39724653651432,8.694745251820912,11.321637463244945
2000-09-13,-10.771689721098967,-12.435657652303025,10.477353971469903,10.572992211084472
2000-09-14,-13.333094286764545,-13.056247331209569,9.869078746581001,9.776602325113078
2000-09-15,-13.281281167651262,-14.620701620724496,7.959016111605498,9.09609417336219
2000-09-16,-13.318681495773781,-16.413195782901685,8.070945563400246,9.75106946486286
2000-09-17,-10.81953965316888,-15.916484813664466,6.333620946490759,10.238029187237533
2000-09-18,-10.949641560853403,-16.560293268977823,6.565303656478752,9.759359677242339
2000-09-19,-9.865402265130207,-18.377343190252518,5.916453093499788,10.609703415297977
2000-09-20,-9.049002215149052,-19.70127659609907,6.804194018828789,10.107648658538643
2000-09-21,-7.074492220938428,-21.59733874790724,6.144547433883127,10.88313380721116
2000-09-22,-5.585632532203818,-23.025689747505474,5.075607543294217,10.216807397387493
2000-09-23,-5.566826656617221,-23.6710300311701,4.721964018192139,9.351821367588391
2000-09-24,-6.183527604858128,-22.517200067127295,4.637634624563814,8.915993030019859
2000-09-25,-4.374511740363609,-23.91413403138092,5.25013769144527,8.07513143364163
2000-09-26,-6.061382773001637,-25.442005254372248,5.468390153661123,7.581749021661684
2000-09-27,-4.9574895727169705,-26.95805012052177,6.667547222681406,7.029062068237404
2000-09-28,-5.490142524984037,-25.09666785135961,7.281088349193906,6.136699470545912
2000-09-29,-4.9281307303324535,-23.591077629403237,6.978232685305287,5.924466234872255
2000-09-30,-5.293336857170884,-24.093199223641324,6.766308115159568,6.685023622192372
2000-10-01,-5.4379707763663125,-24.041302655015016,6.272587863241668,7.007144792543315
2000-10-02,-7.983708320543579,-24.08146375548668,4.791407709849823,8.353526067160402
2000-10-03,-7.361895908473745,-24.865656173892255,5.445518787385742,7.815762390149984
2000-10-04,-7.3901249315040864,-25.58639579911218,4.261514438253478,8.478031897703206
2000-10-05,-7.438780555185092,-23.95659783859216,3.012531075689572,11.56434823290504
2000-10-06,-7.406175384277825,-23.589321527023255,2.7176444222002702,10.96279568093968
2000-10-07,-8.298582272960273,-23.754183950991372,4.016785030206095,10.7302525510375
2000-10-08,-9.883789895598891,-23.933446488790967,3.872923580001426,9.848057343836155
2000-10-09,-10.94233263758751,-24.535886336607458,1.8803686008270954,10.333230657170958
2000-10-10,-10.402766586829598,-25.311287761376082,1.7510407473019074,9.556574099306559
2000-10-11,-8.348825473414625,-27.088386955683866,-0.022816119240745447,11.373756618903272
2000-10-12,-7.466116938530686,-27.7663952300341,-1.2755225215773622,9.83095343782402
2000-10-13,-8.38257307055779,-27.60687312199371,-2.0366124075564076,10.095301878945962
2000-10-14,-8.016891427222262,-28.210250841202495,-2.9851807107568558,11.03722021074172
2000-10-15,-6.383564171337506,-27.25508545765399,-2.57767740255917,12.01036458368377
2000-10-16,-4.789882526288228,-25.2522390084438,-2.146827765303526,12.953616394495741
2000-10-17,-5.2263738909445445,-24.01053863647491,-2.516766291060106,12.723881874180183
2000-10-18,-3.931822173950101,-22.766003014724966,-1.0482746656633684,13.701906729255406
2000-10-19,-4.555874470442437,-23.10952863737288,-0.7882666336095334,14.040591531865138
2000-10-20,-5.433648563254016,-24.645007412377854,0.4229669341766369,13.848360100366145
2000-10-21,-5.817860237402926,-25.476190521098346,1.154225423220789,13.865164941093234
2000-10-22,-4.5462823491606095,-25.322975966303503,0.5561030515841908,15.13021925914688
2000-10-23,-3.8589013281060724,-26.520185815393848,1.4154813972810962,16.188228536479976
2000-10-24,-3.789942453352534,-29.064713533787767,1.3824427044280485,16.60855533658273
2000-10-25,-3.323765115814939,-26.884441629536337,1.4468623852619906,16.958046482028383
2000-10-26,-3.3077528669323017,-24.205401819338267,1.0921302233235477,17.32557460864866
2000-10-27,-3.975556358174029,-24.231400385786596,0.4424157545244154,17.70358223786099
2000-10-28,-5.424033168574356,-24.483892222667315,-0.5527324467392707,18.159925569905944
2000-10-29,-4.890907208653111,-23.847389757007033,-0.2728791513736553,17.98914684902986
2000-10-30,-5.557788369832747,-24.344360312849357,0.140468069147553,17.49173908250937
2000-10-31,-6.029528180937468,-25.452936995220814,0.4624386846930059,17.843783991421343
2000-11-01,-7.0562572164087225,-27.317820195983728,-0.2667319854480183,16.95530762088825
2000-11-02,-8.735196656089286,-27.08371192617422,0.3502777796530702,17.49307820390671
2000-11-03,-9.21481559149329,-27.92245587212786,-1.266122251809335,17.30028861220413
2000-11-04,-8.401478910912608,-26.545216819630397,-0.5853963835979265,17.62633844627322
2000-11-05,-7.4649204916996945,-26.432669417815447,-1.712556802726855,17.92917489144715
2000-11-06,-7.133615714980719,-25.9921671788568,-0.020504183944590304,16.691105870067346
2000-11-07,-6.9554041816598975,-25.240686978726142,1.7002720319470246,17.644122457342455
2000-11-08,-5.25701306926908,-26.275598460848705,2.489363954665204,19.701231377648526
2000-11-09,-3.3931439617511243,-25.856694382359596,2.4322228367557392,19.92066851523175
2000-11-10,-3.128347242525047,-26.174292554461903,2.543083594136055,21.631239654976234
2000-11-11,-1.3162183542912869,-24.614166256879304,0.7205740836683063,21.517336790855275
2000-11-12,-3.154234337653471,-23.727297398003127,1.6565079897751058,23.201993447596312
2000-11-13,-3.3677215222788353,-22.16750681675129,2.0244325095946722,21.277281813981386
2000-11-14,-4.473812202548657,-22.468518043176687,2.3585709689974848,20.684262045074163
2000-11-15,-4.911051134389733,-21.930906973385582,1.9990414302161041,19.763771902258693
2000-11-16,-6.779781821291158,-22.095060765520767,3.7284592282423725,19.085672311523307
2000-11-17,-6.298416847215821,-23.70750003838606,4.168067826221135,18.590943433904982
2000-11-18,-8.061858030226732,-23.539150623367874,3.974507294239057,17.82129060905215
2000-11-19,-7.207575271379972,-23.250593359113807,4.821627525091806,17.819975147334112
2000-11-20,-7.975041811349644,-21.42638773978169,3.971145057281242,18.862313401669518
2000-11-21,-6.0417758027710855,-22.898647730110984,5.241536671084496,19.01337576094773
2000-11-22,-4.716390583625855,-22.299944137998523,5.035424486116441,17.69702118483213
2000-11-23,-4.529375931979984,-21.22827316569247,5.632928014798222,18.1020037905692
2000-11-24,-4.4073491511457785,-22.242087141388957,5.0665288448690395,17.948571840633026
2000-11-25,-5.853114930967083,-24.483534348672997,3.302104265002134,19.36695818890177
2000-11-26,-6.200953024186905,-24.692090386706333,3.2279540687856865,20.254736611966095
2000-11-27,-5.752348215159582,-23.460581475237948,0.5550263435046281,19.09677985790832
2000-11-28,-5.9704590768098456,-24.520723103994428,-0.30269442221450127,18.791930938251788
2000-11-29,-6.367071396303512,-24.42162021819204,0.6852150721549624,19.16333003493855
2000-11-30,-5.113819819021358,-24.692986335273524,0.10762075335087873,19.30531628467807
2000-12-01,-4.949008723352294,-24.49159806615082,-0.24403087488664438,18.493238664486267
2000-12-02,-6.127230330168199,-24.04397461825499,0.03680653719896054,18.343163247578072
2000-12-03,-4.560862490306968,-24.476400272950833,0.13827861998093222,17.01797889444005
2000-12-04,-4.186132073315765,-26.083960958113337,-0.9044924094469735,18.454845891569057
2000-12-05,-4.006783170944027,-25.766076758305328,0.27608725846078097,16.328895237025623
2000-12-06,-6.0941115726459065,-26.159414592298027,1.079570275196689,16.176243608300762
2000-12-07,-5.354274883024583,-25.874433687879975,0.609073521838704,16.116370428277946
2000-12-08,-4.62062539995473,-25.797183930387018,-0.23023173663067908,15.826864426775751
2000-12-09,-3.4973430344849934,-27.185719839296013,-0.04966715318792664,15.986383249095221
2000-12-10,-4.769933739556238,-26.9905114514829,0.10763151117107786,15.000205442982919
2000-12-11,-4.868218471603457,-27.660001059623678,1.4776337223213691,16.104976589708798
2000-12-12,-5.033890095820725,-27.517778531771867,1.7494943843635529,14.354828760299474
2000-12-13,-6.328280701423843,-27.125414587319604,1.2690660129799474,13.303997580155245
2000-12-14,-6.907652104898652,-29.791804717875248,0.5394090818531131,15.405609493609452
2000-12-15,-5.615359891144863,-29.028328866935258,-0.650392960267583,14.64536227325145
2000-12-16,-6.304569908198511,-29.664412568827746,0.1133364955431001,13.059249356539885
2000-12-17,-7.4952749670823335,-29.177308327317053,0.5373055345434439,12.746850512250493
2000-12-18,-7.028809641688991,-29.18433954924976,1.4016675776571565,12.869737023528526
2000-12-19,-8.037931146709303,-28.469019699442626,1.3501253163881926,11.461109034769622
2000-12-20,-7.796615701870367,-29.232112631254633,0.5836629936648802,12.373904942152016
2000-12-21,-7.913126436543063,-28.766947660903472,-0.5806531785591426,12.838696129008751
2000-12-22,-6.679917012282992,-28.922361758734777,0.3720368692961903,11.779253024126241
2000-12-23,-5.09900188420159,-28.362897964599625,-1.6675274941857658,10.437646984122063
2000-12-24,-3.5396328455065995,-31.163090468509147,-2.393932899867273,9.981206771746201
2000-12-25,-3.4920005735109436,-34.23419002888175,-2.370518817000232,11.500656072513593
2000-12-26,-3.110112500773612,-35.25312454790749,-0.6392393710621804,11.533441506449854
2000-12-27,-1.6961509094082674,-35.06390650878899,-0.4513519454474407,10.149174809739131
2000-12-28,-1.7362355170628836,-33.643628989878444,-0.15575876297846486,10.813314872619005
2000-12-29,-1.9118849189201332,-33.33036575941823,-1.5420298351699937,9.217399782103177
2000-12-30,-3.692583052570753,-34.580630271833776,-0.2403867417924681,7.86569359359845
2000-12-31,-4.135729131188865,-35.24047618095291,-0.4857805468711436,6.867428622457732
2001-01-01,-3.279717531127358,-36.15756055596225,-1.447110354459962,6.467569606792786
2001-01-02,-3.582655177707955,-35.42652518696514,-1.4004725846283717,8.617802610031893
2001-01-03,-4.062629098703057,-34.92891130982838,-1.9416053187129152,8.44621249698423
2001-01-04,-3.8202853942675308,-34.58321773057483,-0.7832918690772828,7.287076660988026
2001-01-05,-2.7608640285924038,-34.39445369212626,0.8366771240029622,5.438596897305661
2001-01-06,-3.4983553583333373,-34.24144951156121,-0.08562350906370209,4.022451853380056
2001-01-07,-1.7086309804646171,-35.80241568421238,0.05188120684830069,4.499246308382337
2001-01-08,-2.456216087917805,-35.61219533991125,1.401469473369602,5.0090799934850665
2001-01-09,-2.0729582364552424,-37.00349494601754,3.3475942299723482,3.6762729098266878
2001-01-10,-0.9493166880982034,-37.464449842330446,4.403145799305403,2.467912468929946
2001-01-11,0.7003356403658549,-38.00105497464657,4.272069751741095,4.694324976192433
2001-01-12,-0.7777268404974151,-38.3959198617956,5.146807856739949,4.686988064741995
2001-01-13,-1.7029857907283477,-39.90973628623383,4.59059087982154,4.921887918959337
2001-01-14,0.05226184038298487,-39.07260565020888,3.8366314662720056,4.651474483230755
2001-01-15,-0.601669356156945,-37.56142525078056,2.901773298379088,4.595108996811663
2001-01-16,-1.334131179570226,-39.002182119314305,2.2661980493024956,4.347712893954891
2001-01-17,-0.7377499049645189,-40.98307787251143,2.1395165588315708,2.640123763576707
2001-01-18,-0.6514144361635563,-42.62642035502226,2.2076734497705806,4.202138272737602
2001-01-19,-1.3510256272787684,-42.8336868131038,1.6146605032100263,4.914817051074455
2001-01-20,-1.1531808320763348,-44.400117443731546,1.0274777787011256,6.417880578858547
2001-01-21,-2.847958557113653,-45.48877168490094,-1.1564057036041793,6.677274137951711
2001-01-22,-4.507321255407375,-45.791735943726465,-3.1207928393534434,7.491222135870267
2001-01-23,-3.93515097851749,-47.7325370471523,-2.402572800414671,8.49658217622598
2001-01-24,-4.761208189754824,-46.879373626214054,-1.7259819635596454,8.36397575040831
2001-01-25,-4.925953696645319,-49.54674176873988,-1.138710226528389,9.451455323781468
2001-01-26,-4.6674235386796274,-49.19790729387286,-3.5108606074182473,9.793243514063333
2001-01-27,-5.454224404513064,-47.90278765050584,-0.9956220820162462,9.980465356682856
2001-01-28,-5.115590022181339,-47.70778640551943,-2.1721162805878005,9.128658237215566
2001-01-29,-6.030245871784897,-49.79012814702789,-1.2243717481378678,8.19306867791741
2001-01-30,-6.232596340690831,-49.287577604843946,-0.9002713254500447,8.93468362538202
2001-01-31,-5.7481678809878485,-47.636336275169604,-0.6146916429776528,7.382670423693323
2001-02-01,-5.7131292740911785,-48.63288877305445,-1.108876864716573,6.604571172385163
2001-02-02,-6.876149618663771,-50.39549965308471,0.7095248989906169,4.894101124094622
2001-02-03,-7.332794624564199,-51.06714398704839,2.5651175399243225,3.511738528630419
2001-02-04,-7.7608908711784075,-52.63186085648949,1.7047900329025947,3.300525259881643
2001-02-05,-7.927839264576233,-50.76096096735455,2.2914123487298443,2.978996482124205
2001-02-06,-7.27203325902702,-51.95975125385324,1.3931422533584037,3.5092107386124596
2001-02-07,-6.594460741678222,-52.71540248591189,0.34482418622874733,2.010055459354335
2001-02-08,-7.98518752193511,-52.09632088251846,-0.5123537055392041,1.5376947168778796
2001-02-09,-7.870109424330306,-53.689806113638866,-1.3475938221493604,1.6998046028900906
2001-02-10,-6.471909638656757,-53.260534993408676,-1.8961371789209696,0.9383092899032087
2001-02-11,-8.583037273893035,-53.11392155641374,-0.7740604270702984,-0.08522639793032394
2001-02-12,-9.124187548296735,-52.850400899571085,-0.9752676706145812,-0.0013624520603127271
2001-02-13,-8.929846665885055,-52.68753435638306,-0.8665929817772597,-2.383018616794964
2001-02-14,-8.392104177061015,-53.61665114918314,-1.002084264144666,-0.26642879903821237
2001-02-15,-8.61176638105915,-51.15737845426385,-0.08659866053290499,-1.4981181699616044
2001-02-16,-9.690715398763686,-51.455622429236385,-0.6889461577054821,-0.030310535819967344
2001-02-17,-9.177524694874574,-53.30669310024827,-0.14483720313063064,1.1541818500905583
2001-02-18,-9.1934073654761,-54.25824087028127,-0.09503711772844603,1.7804086019952148
2001-02-19,-8.892745763364761,-54.74902284063647,0.8578594051378539,2.0958899244711313
2001-02-20,-8.196240153425272,-54.938696260423946,0.4562400368546548,2.1476225070307775
2001-02-21,-7.185740982772344,-55.386441287791925,1.5154743856277064,3.6917646607531136
2001-02-22,-7.470793642471245,-55.97006318182128,0.10626518934987117,3.6845867238209924
2001-02-23,-8.919735192897413,-56.24685995894686,-1.449721861475146,4.12123207257485
2001-02-24,-10.598124448256424,-56.66455910932124,-2.501603008990392,3.3776932177362813
2001-02-25,-10.635073699707785,-55.86804684529924,-1.9219876770339326,3.26132350565548
2001-02-26,-10.147430747673448,-55.48284564391279,-2.108101130958569,5.058050782086997
2001-02-27,-9.185182185427,-57.49646960887271,-2.7663564034156662,5.125994069051707
2001-02-28,-10.856651824075533,-58.026369221456676,-2.8078150561623163,5.294028714349207
2001-03-01,-12.092472332013996,-60.65620734515701,-2.709681825301903,6.339879434894947
2001-03-02,-13.037254300623777,-60.06566572200359,-1.3209845983340638,5.876054927668382
2001-03-03,-12.6981302572309,-59.48646278171389,-2.013801977459507,7.3748826093715305
2001-03-04,-12.857558224947596,-61.157803505078206,-2.518946283639102,6.983353027674499
2001-03-05,-13.305185500244498,-62.48561549793594,-3.21604762530246,6.971556161863269
2001-03-06,-14.171165283330224,-62.54023350630482,-2.2498806946378864,7.102505362802752
2001-03-07,-13.232930019563037,-62.89152913316117,-1.6661187001272892,7.718103445081726
2001-03-08,-13.127970825578647,-63.144397648127516,-0.5204989117510501,6.909606483011329
2001-03-09,-12.972493522803006,-62.309894751975406,-1.3409161193047776,7.4627538033269865
2001-03-10,-12.722196826035503,-60.936746045071196,-1.4858111600406632,6.350409838454103
2001-03-11,-13.642693033231156,-61.66988615100678,-2.578403774254824,7.762800238124915
2001-03-12,-14.259315188022128,-62.116114866826095,-2.9645647394450876,6.599509798233507
2001-03-13,-14.382037163355044,-60.135820863435335,-3.848583922845691,6.558038141803774
2001-03-14,-15.396638068274186,-58.85147906814921,-3.7697846074080825,6.412396990026002
2001-03-15,-14.864452077668707,-57.52129177371708,-4.070069867848187,6.595922657567374
2001-03-16,-13.938062699220481,-57.917926497744574,-5.669592238596292,7.406262635249222
2001-03-17,-13.636892876517987,-57.692114414566596,-4.723333967374027,7.4151442268347365
2001-03-18,-13.330667844513634,-60.098411016986375,-4.629218738585232,7.897163226354091
2001-03-19,-13.446098162146619,-59.34841777757856,-2.877950129067697,8.414421875757164
2001-03-20,-16.611445639066797,-60.670051291175035,-2.873945760760872,10.773006491196693
2001-03-21,-17.571680941110895,-62.15608861638237,-1.1815821852296193,10.644607499969748
2001-03-22,-18.618967644207395,-61.23721236924531,-0.9148879422290639,10.855745171688696
2001-03-23,-17.80607096848035,-61.22650553395715,-0.2668283738160888,11.527141573721524
2001-03-24,-17.218292585816467,-61.077222216557836,0.4611935645648958,12.42884916015382
2001-03-25,-17.006682795842913,-62.65177658913752,-0.6925542700050716,12.83299377426358
2001-03-26,-15.99008081704511,-64.52735239452923,-0.18870059416234664,12.472381331086098
2001-03-27,-15.761094422188581,-63.921859612152126,0.05807393123634805,12.359654484040592
2001-03-28,-12.83235708559239,-64.17917879884632,-1.5150305935421777,11.282626440144636
2001-03-29,-12.149182374447768,-64.0895749493449,-3.3936642009002536,12.057360922284893
2001-03-30,-13.238525587410178,-64.4001621489663,-1.866155751126273,12.530234537825274
2001-03-31,-12.518724502958376,-65.54712804249405,-1.5287309275724585,14.215643743166583
2001-04-01,-14.171731824240767,-65.94523690339885,-3.2743942009857245,14.220329059113466
2001-04-02,-13.988590192162393,-64.58984755068775,-2.5034169467286307,13.964010367705175
2001-04-03,-15.118272956379434,-65.18423258789468,-2.556962692296789,12.75222145432276
2001-04-04,-16.763745467325286,-64.77693137710395,-0.6470630248493952,12.467132769005223
2001-04-05,-17.41366941844681,-63.340439490793344,-1.6818156014072034,13.791342659725006
2001-04-06,-17.17922581217654,-63.087764647574424,-0.6254592831385932,12.473598912850992
2001-04-07,-17.917777856362186,-63.8556644170898,-1.1528352820262477,13.861650358229626
2001-04-08,-18.009683362590692,-63.329379985823905,-3.4425410949217707,14.970977949292214
2001-04-09,-17.681402849869784,-61.09235194264522,-2.052137289558351,14.69099151948226
2001-04-10,-17.94292775258853,-60.02404688336242,-3.6726695116206676,14.16399021451833
2001-04-11,-17.853441623577694,-58.95380411074991,-5.490410171182695,16.452043630282745
2001-04-12,-17.722768735056682,-57.02862137673188,-4.819718568921928,15.090959660528567
2001-04-13,-17.595457076115,-57.78754994523337,-3.9144881078012013,17.96950020093373
2001-04-14,-18.41116475317538,-57.317820066456555,-4.707134141134537,15.784174713101557
2001-04-15,-17.234488558846177,-57.27062160217982,-5.737315347208903,17.21850510267231
2001-04-16,-17.990127544351463,-58.91570188980392,-7.145938651609259,17.722874032268223
2001-04-17,-17.240281169602824,-56.67297026961657,-7.535083543336217,17.59456946656656
2001-04-18,-16.320613845267754,-57.601718981573704,-7.808634150451217,19.833880485183773
2001-04-19,-15.813374895613522,-58.87029167830049,-6.885725214222621,21.534373034859545
2001-04-20,-15.225148681261164,-59.69532147149909,-7.224153720518187,19.406108655813984
2001-04-21,-15.912840338829202,-58.912272247313524,-6.5761467838042025,18.30266724531004
2001-04-22,-15.919076509171491,-58.36925450694921,-6.915054813864284,19.489027842957945
2001-04-23,-15.953487665807629,-57.50882438581629,-5.986100262185527,20.54760421882542
2001-04-24,-14.75018376565303,-56.73505768331075,-4.944469033328249,20.186688754457034
2001-04-25,-14.206994582787189,-55.254406438248864,-4.242166514821316,20.394411340606577
2001-04-26,-12.905173586631335,-53.43954351619371,-1.87800579415664,21.052057101273746
2001-04-27,-13.605223973574644,-54.05554028214862,-1.190499614021297,20.911564372007366
2001-04-28,-14.91519039275504,-53.70009057604167,-0.7242400436471013,21.340734395781915
2001-04-29,-13.318119735882247,-52.16770321291989,-0.27592000085583746,20.818187724883074
2001-04-30,-14.327340875187183,-52.24430365508517,-1.5489899276931443,22.267981312216733
2001-05-01,-13.571084425040498,-51.335009263819636,-0.9153603167217327,21.27663383154958
2001-05-02,-15.320421198503833,-51.663023211813616,-1.5958193604808932,20.763536960395417
2001-05-03,-13.912960026111064,-50.825803079657646,-1.7005606735830985,19.147861892876993
2001-05-04,-13.226161570799265,-52.266286968460506,-1.3763389768846546,19.236536972861277
2001-05-05,-13.100825496460217,-51.30976015355752,-0.38593604958825545,20.36002789585572
2001-05-06,-13.312936190409362,-52.76299621757399,1.0396697575918394,20.38832036836807
2001-05-07,-13.667921205008973,-52.704926495718,0.7504199107031648,18.6637375085934
2001-05-08,-14.734919091970633,-53.87239886425698,-2.21781765066505,18.568304271997544
2001-05-09,-14.27382577141348,-54.05023376436103,-1.658283483062264,19.035160872361814
2001-05-10,-12.858785319923822,-52.57468943324727,-0.8155461339705037,19.530155775363
2001-05-11,-10.665009750985208,-52.629623329776194,-1.2801081180885545,19.94399643541424
2001-05-12,-10.474584613367083,-54.792142300960585,1.4358570374623467,20.73254177944385
2001-05-13,-8.347023931889522,-55.4624564540345,0.4296065125882951,20.346114286911487
2001-05-14,-9.130463041862843,-54.597281064412144,0.8696038876605322,19.407490889023016
2001-05-15,-9.826973021732387,-54.649264785951715,1.3510085439329522,18.80308642984201
2001-05-16,-11.27731031694595,-54.523172794918665,2.711057470867961,17.594172226620643
2001-05-17,-11.76406305888341,-54.53301523802181,2.845834611653198,17.218913909248492
2001-05-18,-12.494396989906809,-55.5391005094626,1.9190657844522652,16.880148728574888
2001-05-19,-11.126295711038816,-54.80459342353987,2.881945038311258,14.929505364465975
2001-05-20,-9.521171291081972,-52.916202220942196,3.960386175413506,16.258481041352244
2001-05-21,-8.887911508268576,-52.068548521782674,3.8277155769471234,15.12161170809629
2001-05-22,-8.470758147674415,-51.987466599158715,3.623732919930828,16.21038338730829
2001-05-23,-8.594013653226588,-50.91006551868336,4.277770299270488,16.73404249790073
2001-05-24,-8.136137174133133,-52.139655941575484,5.102486161627795,17.465921415187672
2001-05-25,-9.902919025182792,-52.47192002706916,6.485067353687749,17.65749077129619
2001-05-26,-8.558861001812842,-51.51289304761628,5.587527307567717,16.172647692603952
2001-05-27,-8.783988186715915,-52.2352983605314,5.397643144496741,15.77668297350185
2001-05-28,-8.830924112614163,-52.47606652820052,4.058776755868744,16.92511282742635
2001-05-29,-9.179751562886057,-51.521329546070994,3.200571585913373,17.211434197628673
2001-05-30,-9.539525553585966,-52.11274755311992,4.713440058564534,17.26124715594313
2001-05-31,-10.344769567319222,-51.50616208603171,3.920449312471807,18.763089936776797
2001-06-01,-10.05290470944919,-52.81361518158725,4.582488281650266,17.836672478331298
2001-06-02,-8.521527004684007,-53.86306659486398,7.132314605654243,17.46663786525875
2001-06-03,-9.102805978187813,-55.10860131759311,5.7312047337640175,17.641032267211784
2001-06-04,-10.31500325957651,-55.01187272981284,6.527787520662008,17.645266024331598
2001-06-05,-11.075926573806733,-55.61323874092449,7.490100268142134,16.956082088404106
2001-06-06,-12.151270595094815,-56.0070824806468,8.163939346152178,17.521585307033178
2001-06-07,-11.620577969029373,-56.88376054286595,9.099962509429332,17.07917420026678
2001-06-08,-10.655720505509613,-57.591605985767934,9.017645211924396,15.460282278066297
2001-06-09,-11.018153340556651,-59.87607074926705,9.559341114198606,15.875678385699477
2001-06-10,-10.760217848224324,-59.13423576987081,8.3644798256046,16.36665407125569
2001-06-11,-12.310243180293119,-58.918947750082125,9.674438253885047,16.532979153461017
2001-06-12,-11.070504926451951,-59.73120852039677,10.103812023285,17.115041579623757
2001-06-13,-10.799657432487521,-58.36954206325247,10.396821749466817,15.8823535098683
2001-06-14,-11.056411675607556,-59.47059542260389,11.023609843777374,16.75355420072288
2001-06-15,-11.047078252124301,-59.84521127233092,10.700622122121073,17.33271827942886
2001-06-16,-10.079414097990657,-59.14616289417591,9.92397394476875,16.783112087573432
2001-06-17,-11.114966507400979,-58.66927977225957,9.865269312884493,18.88646211019069
2001-06-18,-10.937470788337928,-57.76861887369093,9.04031715884211,19.61082487370188
2001-06-19,-10.62336492681449,-57.419804746640764,9.406182365340198,19.384747020591877
2001-06-20,-10.271679501363094,-56.04433420248375,8.593120502976312,21.884805164023703
2001-06-21,-10.695549020868452,-55.66764591896407,7.568399324446258,21.538854251100997
2001-06-22,-9.666710694855043,-55.70033550882823,8.217652731056624,20.833655381830358
2001-06-23,-8.48755951597094,-55.308113148077915,7.991679256019239,20.822747307065317
2001-06-24,-6.194133219807046,-53.34244324627168,8.826462530308316,22.019804669413922
2001-06-25,-5.68621398835613,-53.33991940047902,7.884135463306011,22.362580577438848
2001-06-26,-7.495416127601933,-53.36068794270919,8.66388049808743,23.22027721886013
2001-06-27,-8.682221754932947,-54.926873257514444,8.872478213971307,22.55797444637467
2001-06-28,-8.659727177448037,-54.86117159627128,10.671631673701883,23.454815234788622
2001-06-29,-8.99353263139778,-55.63275237534316,10.625918134869611,23.239945090813837
2001-06-30,-8.204985000914261,-55.29384910290369,12.079086817227164,23.695238994026777
2001-07-01,-8.721880404671536,-54.020489297091544,11.432917143319438,23.467675776640306
2001-07-02,-8.40302331414847,-54.14459721885693,10.314354073333316,24.059060594288027
2001-07-03,-8.587611981169278,-53.868952992574584,10.85430361514218,23.157228500915
2001-07-04,-8.744626291020095,-54.63237009760396,9.149359635639467,21.509022859067567
2001-07-05,-7.577039947598093,-53.461097683362475,9.356971398609298,21.166948652286635
2001-07-06,-8.35538671341067,-54.73739978973482,9.52270991942842,20.54952671573894
2001-07-07,-8.385580497894177,-52.41632211289535,9.811560802853348,18.334912377061052
2001-07-08,-8.118570983608505,-51.96089567522048,9.166642085514171,19.38198418424526
2001-07-09,-9.15639840452629,-52.30918030418427,8.701694565647164,18.73307282489113
2001-07-10,-10.938735008861602,-53.47667480591988,7.022082862408386,17.29720597592352
2001-07-11,-10.820177575078077,-53.21479955496287,6.3793316388537145,17.840474412962685
2001-07-12,-10.420195474447402,-52.56167040781602,6.742307548072145,18.039175443119557
2001-07-13,-11.532043588557979,-53.276258922296606,5.461110817300572,17.866288115656175
2001-07-14,-11.957001703251862,-53.79520650299253,3.1295615179143774,17.609810645090906
2001-07-15,-12.26394175844743,-52.256797573073946,5.432374846975534,18.18823286581084
2001-07-16,-12.475634174787755,-51.92493682901137,6.539787756149849,18.004664462345676
2001-07-17,-12.681858560606315,-51.48891284720381,5.4024600530842894,19.716852522298314
2001-07-18,-13.337140917784117,-52.460844535351164,4.690097391735705,18.486954237931467
2001-07-19,-14.830012019243835,-53.1739374168536,5.025953970003291,18.066922538366125
2001-07-20,-15.987325978741366,-52.45014521996494,3.0936957673920578,16.98916706720342
2001-07-21,-15.223500024239906,-52.2976206492582,3.0721234816977603,16.00850515437499
2001-07-22,-14.184094572593514,-52.45163409495747,2.946952821442973,16.833105022482343
2001-07-23,-11.896151946562567,-52.894922690544675,2.9243996850847043,17.69848152976834
2001-07-24,-12.076996187906559,-52.26985262103012,3.0793781077035103,17.375278451200796
2001-07-25,-13.32444263256237,-52.01478929147468,2.193205469842228,16.652217502227217
2001-07-26,-12.414665501763036,-53.012395426839554,3.691342378514786,15.17945801302182
2001-07-27,-12.450541078165113,-53.23833853259901,3.296966897122017,13.937927140516537
2001-07-28,-11.849151618064981,-56.50643030109079,2.1511431757968875,13.792873835439556
2001-07-29,-12.060341154710667,-55.57715634829014,1.2988770321312628,14.78826609432122
2001-07-30,-11.488199776721547,-55.35300805627067,2.350139757834733,15.717644007524598
2001-07-31,-10.7533534023629,-55.13343757004421,2.5284920853751474,16.768126716528265
2001-08-01,-10.864044757203175,-55.242270025442195,1.2662630266720907,15.648115629016447
2001-08-02,-10.708943487505639,-57.185051844748784,0.23384617867367674,14.772028103640501
2001-08-03,-11.005460323837625,-57.93541076410285,0.3417653227915455,16.775620089611174
2001-08-04,-12.066534725834199,-57.91308701306631,-1.7322041413270037,18.2975692215056
2001-08-05,-11.97247861080435,-58.230237642396744,-2.429795951382903,20.518280502450423
2001-08-06,-10.891958255597775,-58.023272392253176,-1.3216440560058031,20.599587774492374
2001-08-07,-11.17200170666621,-55.489488334433155,-0.8206272879115145,20.70732717195448
2001-08-08,-12.365907609774764,-55.4386128552454,-0.21738404736787487,18.65627928080534
2001-08-09,-13.03376676737654,-54.806938092065565,-0.7709094898934661,17.932862227545556
2001-08-10,-13.524034989341212,-53.950943234161436,0.2840418996251135,18.93768351270351
2001-08-11,-15.628585903999774,-52.897579703668384,2.2399734422254,19.268583047348358
2001-08-12,-16.840387940610587,-52.80546911562322,0.17855482495810593,18.7799372067967
2001-08-13,-16.35794783306527,-54.06136854770748,0.9112597689944958,18.65875373746926
2001-08-14,-17.921299555791283,-53.453952802446125,0.9375833736230264,17.619824327688658
2001-08-15,-18.677690934245135,-52.040435371670604,0.6088793011284868,15.35027109398684
2001-08-16,-18.54096940145883,-52.622144393156155,1.126977462293923,14.305210642189628
2001-08-17,-18.243053140078008,-53.50900362428441,-0.6706532081299696,15.838024080904784
2001-08-18,-19.42068050007019,-52.392159477357424,-0.4265743871976961,16.054477318379124
2001-08-19,-18.747174800693617,-52.377341532402,0.3092338386361427,15.57804688824878
2001-08-20,-19.150499847025728,-52.00752898376085,-0.3024233017588231,15.676675005763357
2001-08-21,-19.482720796057404,-53.68418811222429,-0.30641005258395126,14.908261289346244
2001-08-22,-20.36612437198281,-50.296371001488176,0.3943855117524716,16.128450220993518
2001-08-23,-18.71643246737828,-50.56676075325988,-0.006505843371223952,18.35693141695741
2001-08-24,-18.76023498848205,-49.98682289107979,0.6087657661695496,19.67257506042564
2001-08-25,-18.526223462094272,-47.46118899556137,-0.254997101478031,21.438657671801444
2001-08-26,-19.260856598418066,-46.983355849871465,-0.7902886651042552,23.067113462846812
2001-08-27,-19.879511489702065,-47.66698260128573,-0.12114150818099134,22.923502671650645
2001-08-28,-19.850637124704964,-48.20058451519566,0.13949400643447923,22.92577421130506
2001-08-29,-21.28511144771489,-49.385527352670984,1.7337962800135598,23.47133127169777
2001-08-30,-20.137814777051588,-48.311994920280796,1.3144073023661553,23.860116442122493
2001-08-31,-17.37275336587264,-48.19956740390741,2.0051762557259285,24.130050681826244
2001-09-01,-18.06654670226752,-48.4634189903737,0.41337865749472136,25.207111254359027
2001-09-02,-18.200858889358713,-49.487620363292415,-0.4669110265900185,25.108484686845447
2001-09-03,-19.778085846953214,-50.52662655597848,-0.3826359517396557,24.40109749265689
2001-09-04,-19.691464181114426,-50.2335027754957,-1.0724877010562324,24.627381856798397
2001-09-05,-20.423521769870593,-51.59591865660579,-1.3098909793465645,24.896626150459593
2001-09-06,-19.709555251359145,-50.7893426824724,-2.932757806935535,24.044283245795267
2001-09-07,-20.621412593625962,-51.624224350011836,-5.69940324891045,22.52674544195972
2001-09-08,-20.60871179071498,-51.50598423097393,-5.8304285213495834,22.598678905837904
2001-09-09,-18.467511778681047,-52.623190058994446,-6.866805064088011,22.925347564902935
2001-09-10,-18.276227710182436,-53.44471775537842,-6.522914923980438,22.52156438846642
2001-09-11,-16.735003573545256,-53.68673030566405,-6.743843297177367,21.46471118980641
2001-09-12,-17.360728618262755,-53.76232586669194,-6.901407117713713,19.99707095367724
2001-09-13,-17.615395354309616,-53.389770598930596,-7.91599907010563,19.32856473581718
2001-09-14,-18.2556142407174,-52.38075497169391,-7.570001107407934,19.895242911822383
2001-09-15,-19.494289445848704,-51.27868032736628,-8.159102689683795,19.813433456004848
2001-09-16,-20.31929867851457,-52.19750027924181,-7.7012311731436345,19.721760388665857
2001-09-17,-19.15131425786654,-50.77800322259365,-6.5557397366262045,19.55620814625876
2001-09-18,-21.267436017080065,-51.388889270355136,-6.9887964986317686,19.13804304758449
2001-09-19,-22.17996712352718,-51.79130695531275,-6.249784948655992,19.438215522152845
2001-09-20,-22.837143751038457,-51.97234871634671,-6.825245855005532,19.546751071268982
2001-09-21,-23.33641601255476,-50.5406029506687,-6.8097031325938495,19.122405503799385
2001-09-22,-22.818011755515776,-50.52810314122519,-7.087002424965381,18.05940529470972
2001-09-23,-22.46051050230022,-50.167295306632056,-6.500358745635449,17.48488785644017
2001-09-24,-22.166947449532305,-50.810309679445936,-5.7690860682920135,17.747024140050407
2001-09-25,-22.977724864660903,-51.07103688265675,-5.93968316294281,16.655174434915494
2001-09-26,-22.529870705625175,-52.3762445475442,-7.334426478228196,15.43225542905296
2001-09-27,-22.67167444421173,-51.847538306338855,-7.1142237657417855,13.891643885491325
2001-09-28,-21.91130192232833,-52.73591378810689,-7.210689339601163,14.124209447530356
2001-09-29,-21.342317178200574,-53.37491745199539,-8.708886144759328,12.822769964297603
2001-09-30,-20.855701606642832,-54.54434195406687,-7.96413313543998,12.82475509792345
2001-10-01,-24.272031410458517,-55.037398543958496,-8.240062305386427,13.381165005597438
2001-10-02,-25.340800111812328,-54.069498651750784,-8.317170594937389,11.695182872511342
2001-10-03,-24.476397238429644,-56.3541404727961,-8.726807825171328,12.437539947528798
2001-10-04,-25.333519855320088,-57.07750493752272,-8.502533732563132,14.169641297755609
2001-10-05,-28.88052102284177,-58.23959455064398,-7.8526673969450815,14.272351982814206
2001-10-06,-28.94482395326697,-58.36870978180577,-7.069192834709083,13.537073424075263
2001-10-07,-28.042375490392708,-57.934660660908484,-6.755239258455277,12.948747143144839
2001-10-08,-30.02862916036659,-58.027166313279956,-6.708816632519947,13.555062614380265
2001-10-09,-31.00842403408797,-56.980311348368396,-7.196940688618736,12.64753247481345
2001-10-10,-30.588929347756977,-58.33385995632991,-6.581620327081955,13.379318312633389
2001-10-11,-30.99791042781116,-60.00305754365026,-5.336508750082658,14.99050057822151
2001-10-12,-32.10432226451411,-59.77733887471508,-6.6791878947103225,17.575580847935132
2001-10-13,-33.00955286371212,-58.141399165981156,-8.856967206355982,17.861821163335684
2001-10-14,-32.03699777367308,-58.867343853566304,-9.539482224812758,16.970441446033778
2001-10-15,-32.46292170143958,-58.51841939453017,-8.196576966600631,16.817016442316557
2001-10-16,-30.970386511801323,-58.66588574476458,-8.985154166142703,16.181635167750326
2001-10-17,-30.674686877041758,-58.45764080777854,-9.704031359309111,18.20923967054524
2001-10-18,-29.63131379495029,-58.94264491493091,-10.188929246763623,19.28486864377445
2001-10-19,-29.708404493610185,-60.12948727270843,-10.696231761361025,18.68697883149093
2001-10-20,-30.796870557118435,-58.28581324141014,-10.10726053040129,19.848415228347648
2001-10-21,-30.992931568743547,-58.131404927403,-11.283644884558937,19.168717176627556
2001-10-22,-30.21216493848301,-58.766592626612905,-11.08041539057627,20.863360319744167
2001-10-23,-30.10447328773142,-58.64216725619502,-9.178485125861124,21.155874789335414
2001-10-24,-32.49247041972789,-58.773345005742165,-9.080605077281156,21.5682652618284
2001-10-25,-32.738379194316664,-60.704528597588485,-8.183556285548246,20.954137628916413
2001-10-26,-33.920022739165724,-59.81110635328445,-7.003508418189216,21.28294204369944
2001-10-27,-34.09717236304157,-59.07033363938582,-7.758947182290575,21.652267074237667
2001-10-28,-33.48230047817399,-58.92963715283997,-8.854896376428515,21.228888073602146
2001-10-29,-33.22927875308937,-58.90704028989588,-8.261593671678995,20.467340917751397
2001-10-30,-31.036849502880223,-58.379327731090214,-9.280275062962524,21.113314480846782
2001-10-31,-31.358216772612064,-57.83090791465328,-7.7522461038463675,22.841877580215794
2001-11-01,-32.43783231147528,-58.62930518276695,-7.572483222395043,22.755418990841527
2001-11-02,-31.58969515337125,-59.0765674008106,-8.087083718562052,20.898903155262165
2001-11-03,-32.10693467802692,-58.70682008935404,-7.62835356115128,21.7761714903262
2001-11-04,-30.94057291311639,-58.36209165901614,-6.909379787819227,21.641625234923303
2001-11-05,-31.243408459317383,-59.71536113310836,-5.447033210592938,21.658983032085455
2001-11-06,-31.399377767554505,-59.38070354836796,-5.4287933064278615,20.377177855033487
2001-11-07,-30.966768600985517,-58.55434168911925,-7.3244406015155255,22.854985129743707
2001-11-08,-32.35320771368182,-58.280773015738355,-5.088185812841733,23.74771199210114
2001-11-09,-33.28241955287135,-57.41957115743757,-5.459530653488054,23.089893704173488
2001-11-10,-33.019247163714645,-56.93250558686824,-5.7846686482774174,21.5890985189583
2001-11-11,-33.12948285987609,-57.18524957026561,-7.145794694649195,20.8067130147492
2001-11-12,-34.763764452170506,-55.87227842066418,-7.905169608020625,21.439301951222646
2001-11-13,-34.86788357193082,-58.12477526425112,-8.363480834076187,21.925886837717936
2001-11-14,-34.94205424173619,-58.2751638278799,-6.981146753837375,22.400489635958024
2001-11-15,-35.33775924082129,-59.17292553772202,-7.582325425951893,21.784355980417956
2001-11-16,-34.75946117401711,-58.17042682746818,-6.804044771179193,22.525609393855337
2001-11-17,-33.676317744618295,-58.956778156844216,-4.770447832685688,22.577990470113118
2001-11-18,-34.28861943764391,-58.77549213565098,-4.72594088967098,22.504382306739014
2001-11-19,-34.334413941241706,-57.52079444021219,-4.223353146892416,20.93600446146014
2001-11-20,-34.191029441638584,-57.25825011658227,-3.8773234950723383,21.97611079644809
2001-11-21,-32.18292271468126,-54.00172613927626,-2.534675473678882,21.745410214301785
2001-11-22,-33.87116180784124,-53.91010638341811,-1.8938701764106844,21.240930001284827
2001-11-23,-32.48157096235454,-53.86899290930095,-2.0395096417241882,20.38351810619852
2001-11-24,-33.10069040071951,-54.122485509976,-3.8553894526469055,21.009688760520984
2001-11-25,-34.40336680209759,-55.335593654556874,-3.2470690588321043,21.579328872000893
2001-11-26,-35.036310212850225,-53.22725272490757,-3.8659673101994514,19.23045792731699
2001-11-27,-34.64649917267992,-54.45801192508275,-3.122069759793197,19.33019738987401
2001-11-28,-35.15277417574754,-54.93311747648851,-3.767519711386793,17.92472328132592
2001-11-29,-33.59012309027145,-53.729343310171295,-3.8780102153193448,16.9509202124028
2001-11-30,-33.22253650297131,-53.60651927674808,-2.955828588879773,16.582842213512222
2001-12-01,-32.160007538269824,-54.552363942821025,-3.5587573783610775,15.900167593002596
2001-12-02,-31.973783334019682,-56.31992717451939,-4.002769128062015,15.349754280103074
2001-12-03,-30.736803956083627,-55.701679869492935,-4.075051284440758,15.660060491482156
2001-12-04,-30.73867516629921,-53.83948647335207,-3.793585443518971,16.966399028819275
2001-12-05,-31.050975428674203,-53.990837179497404,-3.781591386474356,16.831652267340374
2001-12-06,-30.61214899470836,-55.85569623350399,-3.595384930672132,16.668190116872392
2001-12-07,-31.289371736903274,-54.79480617041089,-4.993192162893979,17.3184436922665
2001-12-08,-32.005304635022505,-54.0245765458164,-5.216367165761993,16.952839855584905
2001-12-09,-31.18161380108191,-55.21781775650875,-3.86804490106314,16.424450059264128
2001-12-10,-32.28867120737825,-54.09855054506912,-4.923404473307395,15.158025187027695
2001-12-11,-33.777991270134464,-55.20327207153746,-4.690595958601108,14.897906546483625
2001-12-12,-34.899716103653844,-53.39665640521677,-5.270676464567533,15.522423699787057
2001-12-13,-34.98515941916877,-52.71899500923984,-4.138805806989429,15.008101779963598
2001-12-14,-33.45438196246452,-52.56517660396456,-3.496502439143154,14.331140678279647
2001-12-15,-33.4175982915869,-53.222836921327946,-4.301457660984777,12.9671651081186
2001-12-16,-33.94426999138818,-52.80746880155631,-3.097272600383336,10.854201600670583
2001-12-17,-34.434629303743954,-53.694514453320025,-3.279668429647488,8.87641401116457
2001-12-18,-34.7005338341284,-55.45504154257473,-2.7054934045354324,7.462259095101692
2001-12-19,-34.921864397816314,-55.05098417760447,-1.9450382017982424,8.512513850708082
2001-12-20,-36.13440094265885,-54.87460459462038,-1.7295050699495051,9.122455580523441
2001-12-21,-36.06544126726479,-55.75411846006567,-3.3224090256959604,7.849987845338225
2001-12-22,-34.26490813596562,-56.380739165045064,-1.5769475721237434,6.951639527950012
2001-12-23,-33.91503577568553,-56.21006176782621,-4.138791467196069,6.999824822241332
2001-12-24,-34.00775464316109,-57.407845351747675,-3.224477194293786,4.724861313890783
2001-12-25,-33.05401333393594,-55.93185716166393,-3.3944810011703654,4.159317844540741
2001-12-26,-34.16809256027803,-57.84740382584186,-3.867767616845657,4.5940361226190864
2001-12-27,-35.831533880535915,-56.958763374583754,-2.7485749309315457,3.8225280347105066
2001-12-28,-36.56761978769555,-57.759211001483436,-1.820943059621139,4.2471767884297185
2001-12-29,-36.162694356409155,-57.57487468656451,-3.4363092194040483,3.454669969550021
2001-12-30,-37.08269429781474,-57.993193616075224,-4.0128734655582186,3.467050715315121
2001-12-31,-37.710836008054024,-57.37613028154137,-2.87582267637057,2.6279208967819825
2002-01-01,-36.563535579273356,-59.5277300380642,-3.879399284792677,3.718673276659536
2002-01-02,-35.562207168950984,-58.06989639957477,-3.41336529002855,2.2338436697736475
2002-01-03,-35.87013834021251,-59.523926516722696,-3.3899162811575083,1.3678288082577275
2002-01-04,-36.530614203904705,-59.68089431572509,-2.722233041326253,0.9632651963226333
2002-01-05,-36.040351532061,-60.00363581976717,-3.5346151116221476,-0.13130716000225218
2002-01-06,-35.833394755499164,-59.148310527010885,-4.997872804015305,-2.8881946653384762
2002-01-07,-34.388355533197306,-59.89381073537669,-6.044301841395349,-2.78191019783351
2002-01-08,-35.42116710613825,-59.57303569932277,-5.967814966760544,-3.4302512819197992
2002-01-09,-35.85586072713085,-58.318365909000164,-5.477945512847992,-4.883147705195224
2002-01-10,-36.2618365128061,-57.97754871580981,-5.876840639978808,-4.786915280845567
2002-01-11,-36.15116596088724,-58.72597091990311,-5.653351230772938,-4.122987422588858
2002-01-12,-35.4083587182324,-60.062201929074575,-5.459899014448744,-3.976741232580948
2002-01-13,-37.033407950525174,-60.4508429227241,-3.564749121211899,-3.6900570416970937
2002-01-14,-35.94853485353112,-59.114181084597725,-4.2896350286212215,-3.8730128093227956
2002-01-15,-35.53257195469617,-58.66284941230632,-5.126312689120754,-2.6773279616998558
2002-01-16,-34.01556678143728,-58.20072603854383,-5.773070008719664,-3.1186945010838594
2002-01-17,-35.28766422331851,-57.34523941916608,-5.866718583475619,-3.175759911730481
2002-01-18,-37.46854905925017,-56.644035167545326,-3.4327376280386637,-4.049513829890571
2002-01-19,-37.56668712544071,-57.01677743069149,-4.07166414931905,-4.7221572908534375
2002-01-20,-37.34880051573529,-56.63839917111668,-5.382838416100702,-4.770259222300913
2002-01-21,-38.49240612565544,-56.72643072762176,-6.351307858240771,-2.3350130643143325
2002-01-22,-38.632463508542784,-55.95053298128768,-5.832755608985458,-1.563242091909106
2002-01-23,-39.41304753338189,-56.08552326382827,-7.045682739435598,-2.87151871383964
2002-01-24,-38.560814976021604,-56.49615381765848,-5.391699325787515,-4.311875113828567
2002-01-25,-36.9425650016513,-56.38256822709388,-4.7488303557153895,-3.5191303060882286
2002-01-26,-36.72619035564929,-56.17123869743228,-3.7015437750688553,-3.618495712147265
2002-01-27,-37.461388210195835,-56.10644456304978,-2.560040743859388,-4.510322018904885
2002-01-28,-36.30529103813254,-55.449814602583785,-2.577412077435588,-3.0091843174402637
2002-01-29,-38.9417769177917,-54.69675210393342,-3.4549108287455312,-4.300528324245486
2002-01-30,-37.87644412448221,-55.00712285507412,-3.893193033740229,-4.992940071576056
2002-01-31,-37.22433969413158,-51.784423958010834,-4.8597526322158675,-4.368313197900717
2002-02-01,-35.11064112826253,-52.1769616526844,-3.5086749447973986,-3.102691497167589
2002-02-02,-35.72071451990338,-52.248310432448726,-4.1034655660139165,-2.633145446613548
2002-02-03,-33.14304381931682,-52.38078946322981,-3.7511936033325544,-1.7657378152655605
2002-02-04,-31.53656667237604,-52.05299071731056,-2.106255557199077,-0.19420399927191645
2002-02-05,-33.281670248377935,-50.16108440033373,-0.7990290958154087,-0.5692506862507334
2002-02-06,-32.73205359205108,-50.906122493002826,-0.5858132282578784,-0.9151506313932258
2002-02-07,-31.234754804747958,-50.923180991273114,1.681662212273955,-2.230591265067301
2002-02-08,-31.349652292639114,-50.16074546790463,2.4683712783409955,-3.4363200155629494
2002-02-09,-31.155698321005577,-48.79850617902008,1.1890095329329071,-3.4522079136215087
2002-02-10,-32.94594465070265,-50.04200066472734,1.7539502897816046,-4.680085638340891
2002-02-11,-32.00607124736958,-50.72431014752968,2.3850169143347744,-4.817745796521048
2002-02-12,-31.224041361238676,-52.661004399161065,2.490110620837447,-4.577452632364967
2002-02-13,-29.828854270432554,-52.23684379334403,2.0477381328172704,-6.1688671617375785
2002-02-14,-30.79613210811044,-51.35138064669983,2.957959525663231,-5.73813064767959
2002-02-15,-32.45155385777949,-51.96936501884837,1.9554972734287859,-5.975294635373357
2002-02-16,-33.04706798407602,-52.58291653009711,3.260722330134982,-5.92985540967197
2002-02-17,-31.771355814821398,-52.39753306040245,3.1736311524919842,-5.947605279840851
2002-02-18,-31.941042870876334,-51.845789352447675,4.572732659221897,-6.3356127578687955
2002-02-19,-32.18253404287877,-51.478573009141655,6.31119124512066,-7.180205262247897
2002-02-20,-32.22910893189122,-52.06232455418642,6.143113137972164,-6.473804411954351
2002-02-21,-33.05446670923977,-51.290951935559704,6.0738410223978505,-7.583516873151966
2002-02-22,-34.52114406603647,-50.010552154416835,5.66038623803785,-7.2030563603138225
2002-02-23,-33.73090450360131,-52.18083949360621,5.707232020716572,-6.472458815558318
2002-02-24,-35.051169130917636,-51.998925161724685,6.3375093532589055,-5.169221059858321
2002-02-25,-34.36250273554653,-53.59325810683053,8.247729979663108,-5.914597334399546
2002-02-26,-34.322873878334065,-54.85274148350019,7.927094903856354,-5.678968251282265
2002-02-27,-34.931786040677636,-53.507693806318144,9.035570129025217,-5.91050951236748
2002-02-28,-34.65594624890802,-54.44237407108349,9.31508410938278,-5.996399232450797
2002-03-01,-33.698106412971256,-55.81479762153814,10.7005223915979,-6.305074387216028
2002-03-02,-34.833430320028256,-53.733965445976644,9.965708350761018,-6.4685566195203466
2002-03-03,-34.63007163256606,-53.96345218248351,9.022484314905128,-7.549157617648977
2002-03-04,-35.07434682757633,-51.587248960034486,8.661956556213337,-7.421353810331753
2002-03-05,-34.613940316823935,-51.723295170356025,8.884863175103307,-8.328717649338405
2002-03-06,-34.434990813900434,-51.23319151358289,9.544700407124338,-9.22139897383086
2002-03-07,-34.252386644045785,-51.720068505552014,8.459958583340049,-9.9629615921037
2002-03-08,-34.21749710852969,-53.56753197975181,7.978729771899086,-10.044120284730626
2002-03-09,-34.77066687512241,-52.50792739549333,7.4634184895880935,-9.006068798790011
2002-03-10,-33.42090314340159,-51.77440304179445,7.062424582637553,-8.7877421674247
2002-03-11,-33.0920154956051,-53.62218655456011,8.676013956291216,-8.895790693364493
2002-03-12,-35.19959474422193,-54.283135913614245,8.656308942788002,-9.091874189647998
2002-03-13,-35.885388437671594,-53.34574656025267,8.020449171061609,-6.517182835985762
2002-03-14,-35.088153619054104,-54.73310533639923,7.221651789069426,-5.401718365858047
2002-03-15,-34.90517961883534,-54.66596763486538,7.345637460717274,-4.777527149513778
2002-03-16,-32.554124483436574,-52.65176876412551,5.554996681852992,-5.461252314515975
2002-03-17,-32.6520714182228,-51.9116303913563,5.092451319851357,-4.942720119649893
2002-03-18,-33.183038926148086,-52.23876382994024,6.044982202593989,-6.235536208645581
2002-03-19,-34.294009128716354,-52.120802981958995,7.457434740980133,-6.9586039432362785
2002-03-20,-32.903248495916785,-50.5125239854017,8.252139375254101,-7.484818445898035
2002-03-21,-33.26539748580714,-50.101278684092904,8.584692301741208,-6.961507470775969
2002-03-22,-33.23106954809448,-50.90596516142985,9.465413370270593,-5.60548614432132
2002-03-23,-32.15321290122245,-50.4407182428211,9.209057529153156,-4.863292462348108
2002-03-24,-32.55473197313538,-50.17814281187587,8.407206190151241,-5.050888847127934
2002-03-25,-31.766564413759323,-50.97499690056638,7.678267739069292,-3.4915080552827966
2002-03-26,-31.818636931396945,-50.047355117751316,8.754898492156228,-3.11934109416798
2002-03-27,-32.319800088645856,-49.517641153818744,8.07163845712869,-4.4689405555210095
2002-03-28,-32.931628354638846,-49.400736312175844,8.866465714814629,-3.2646144809958892
2002-03-29,-32.49060451454913,-48.497204372205566,10.294063174270226,-3.2588839523528597
2002-03-30,-31.898142793287164,-46.834279539373306,10.005966045795084,-2.688913222345566
2002-03-31,-33.46094130116568,-47.889584286466956,9.524867288758214,-4.08284437365449
2002-04-01,-34.13234211698978,-48.70057477325648,9.851516960061648,-4.7904491722325
2002-04-02,-34.00768216204743,-49.539576339237584,10.25096395496559,-4.564251076986387
2002-04-03,-33.01594571721718,-49.58152381041094,10.86856970606663,-5.706910756410547
2002-04-04,-34.17126277443401,-49.24500775388674,11.387401628786437,-4.845384085957333
2002-04-05,-36.3501229081111,-46.853394054651226,13.080411302446356,-6.651049386906392
2002-04-06,-37.641288916827435,-46.73129335578587,15.633121082373508,-7.178696363796433
2002-04-07,-36.539370015720586,-46.31315139715628,15.099436774883337,-6.6189626791823555
2002-04-08,-36.80780239593887,-45.89974585900594,14.53157671563598,-6.596904954962245
2002-04-09,-38.45671515864414,-46.52298723252879,13.609810792771006,-8.399448681479571
2002-04-10,-38.490254384301856,-47.571839120906546,15.689418650577824,-7.8550342911741975
2002-04-11,-39.00932178892513,-49.26299213940499,16.84722143808521,-8.4158248435325
2002-04-12,-39.01225961113513,-50.31881790512066,16.19058584391927,-9.032492370055447
2002-04-13,-37.917183427142625,-48.85637208901222,17.12382980815701,-9.71599121650848
2002-04-14,-37.49409161169615,-49.45660388304828,18.068739814039688,-11.33438682216698
2002-04-15,-37.919959663026425,-47.86164165237668,17.292989170732007,-10.526534522298288
2002-04-16,-37.74437133285016,-48.02630376529993,17.71626601177962,-8.757547788100485
2002-04-17,-38.021507296683836,-48.1224821887146,17.331631299445398,-7.8775407099214005
2002-04-18,-36.29626330623244,-48.25958979628171,19.998263972546116,-7.346813203976992
2002-04-19,-37.43237910572953,-49.87753146592285,20.611362613887245,-6.559796409898581
2002-04-20,-37.38758330652059,-51.96921457949026,20.054503854491823,-7.194580566487114
2002-04-21,-38.72736466662176,-51.79103114830295,20.24733570682779,-8.437837717909858
2002-04-22,-37.48522558475192,-51.12718500669365,19.069019490008408,-9.47448281854759
2002-04-23,-36.76500877909996,-52.15507179256836,19.182985605082887,-11.207289389932642
2002-04-24,-37.96374039203993,-52.10122480028268,19.982048867210203,-9.298026195195707
2002-04-25,-39.79771242605801,-50.10314360060541,17.965912741463704,-8.237332315503888
2002-04-26,-38.21001243356408,-51.075566680434015,19.05818357505804,-9.189042348091093
2002-04-27,-37.99102751390796,-49.991285650142544,19.60053899956129,-9.862435885489605
2002-04-28,-38.475677077255995,-49.85226465631845,18.986200146945478,-9.698609036818718
2002-04-29,-37.586736462432164,-50.99174537202261,19.31214824037063,-9.05631128842366
2002-04-30,-35.57958036767982,-51.11085242568299,18.92624650099052,-10.566712784679758
2002-05-01,-35.841847367491674,-51.09644202183666,19.81424192395248,-9.99732555500154
2002-05-02,-34.74068687496594,-53.55621218561993,20.370391047090422,-8.77677708694031
2002-05-03,-33.67768432749251,-53.9001368397312,21.9649573818626,-8.145656555359583
2002-05-04,-33.9894713326675,-55.43794549012543,24.3117223717808,-8.275809606244962
2002-05-05,-34.9544363680251,-54.89236282256784,23.88555258956642,-7.280021611587068
2002-05-06,-35.44349201501173,-55.98346798376925,25.289927238461704,-6.224003028342324
2002-05-07,-36.85200656889606,-53.091652836289455,27.173717774677105,-7.793627617991618
2002-05-08,-37.717463412594235,-52.832924108141675,27.981114723880406,-8.33378219536561
2002-05-09,-38.58045557048939,-53.20676488965624,25.239198474659744,-7.596285562543684
2002-05-10,-38.85407645757779,-54.548271511021944,24.71882440741535,-7.711688839111366
2002-05-11,-38.82836698737398,-55.496152120546846,25.317338735862673,-8.18115171817139
2002-05-12,-38.45816679524039,-55.352457175210944,26.332970335491595,-9.699709674909512
2002-05-13,-39.222087750020876,-54.39112856329304,26.176319795802325,-9.880857750081315
2002-05-14,-38.97773426005937,-54.72610444492695,26.518254837188604,-9.465108109317272
2002-05-15,-40.96319971290772,-54.134001289409646,26.5507523582507,-8.829853800038048
2002-05-16,-39.87317783290517,-52.99903942225555,27.685400992621954,-10.973886936157976
2002-05-17,-39.82618052589684,-52.3477081623355,27.341594225106736,-10.087863128580414
2002-05-18,-41.103730492577135,-52.259662459645064,28.28751317920267,-9.925866375472102
2002-05-19,-40.57220131680886,-52.19822582917186,27.552353722338204,-10.19029519478316
2002-05-20,-40.50728029124986,-52.90042098195186,26.77092644746439,-10.150613420463264
2002-05-21,-39.66987122341398,-53.463712916109245,26.616404205407534,-10.290977529094896
2002-05-22,-41.40611353278239,-52.716422268792435,26.467913644455308,-11.246077556184966
2002-05-23,-40.97780790134251,-50.943342153374616,25.218335065017403,-9.276074865664132
2002-05-24,-41.45903833056377,-52.695546912354075,23.28448966459267,-10.52925963865861
2002-05-25,-41.41306344231305,-54.31962521892223,23.399051921984302,-10.547595713080776
2002-05-26,-41.10955270311111,-54.45646112284601,24.070881652008964,-8.025809240186259
2002-05-27,-41.550164410675386,-54.6406060282188,23.383348830461337,-6.501496685795901
2002-05-28,-41.5116021014161,-55.265755962910305,23.804840548359152,-7.254024019696985
2002-05-29,-40.77405913514186,-55.36188735441184,23.54772266137524,-8.511338598498336
2002-05-30,-40.78606273751285,-54.66784422752856,24.743604856431112,-6.921250854894679
2002-05-31,-39.91926444848901,-53.74028349374175,24.90407602376056,-5.734829026874591
2002-06-01,-39.356180738346126,-52.950337955143596,25.92527251541341,-4.711611584083146
2002-06-02,-39.416676184227704,-52.67158551832236,26.486488639226167,-7.009346211708101
2002-06-03,-39.87335210454459,-51.449708036655586,26.213061929547674,-6.308326590656025
2002-06-04,-40.29608267387415,-49.96713361814186,25.247460634745604,-5.841267275912586
2002-06-05,-40.6264973774989,-50.15757471465188,22.86313674208515,-4.414006791950762
2002-06-06,-39.722340642822665,-50.62751015365912,22.19391194843036,-5.089664103605389
2002-06-07,-40.61522694146172,-50.72440051518353,23.2582114063032,-4.6209726195552845
2002-06-08,-42.441813978267085,-51.31982566982378,23.189874598913512,-4.95839106502938
2002-06-09,-44.348989555717395,-50.704446929118994,22.737161357514356,-5.562642822388476
2002-06-10,-44.62498329160398,-48.10124455434376,22.158353320214925,-6.542769720507893
2002-06-11,-44.645001741270484,-47.638204379151524,23.037511588283394,-7.660985612609839
2002-06-12,-44.60085354654118,-47.48266759120121,23.569700520302153,-7.968423325161125
2002-06-13,-42.97555269201874,-46.61555133168339,23.777496828272014,-8.364693374790688
2002-06-14,-41.988718199622035,-46.937516449659356,23.53792428819334,-9.370619874831998
2002-06-15,-42.21135731811734,-45.048156150916626,21.82003011639409,-9.331199157495869
2002-06-16,-42.49214577122004,-46.06557773942618,23.650348279666275,-8.560035159623327
2002-06-17,-43.11985217699718,-48.412435874351836,23.165201612593496,-10.158110373949263
2002-06-18,-42.53981943602768,-48.38595283812257,23.688674190837865,-9.772701028438014
2002-06-19,-42.602803452338165,-47.21328370837748,22.519456611394666,-9.773397309730614
2002-06-20,-44.73198281933929,-46.654735666312106,22.05635705269137,-7.260822668006387
2002-06-21,-45.96252318953455,-46.76826204564788,23.85866118632635,-6.398350786084696
2002-06-22,-43.788579843614876,-45.91734100397025,23.38777769490371,-6.256125179018733
2002-06-23,-43.76734189294748,-45.14967395127522,24.366431755234704,-5.919528489267994
2002-06-24,-42.845019385373156,-44.95154922994121,24.97744888327947,-3.736708727517253
2002-06-25,-42.67467548734952,-45.635009908252364,24.7539042670958,-4.232247898776833
2002-06-26,-44.193692622862166,-46.96719165720816,25.430055187639983,-2.8394640059480465
2002-06-27,-44.05649023942237,-46.719280404440234,25.092010320657433,-2.4612127240522823
2002-06-28,-44.27876432368787,-44.732762099878784,26.247780794074874,-3.236035898511272
2002-06-29,-42.838647262177496,-44.06546998050435,26.06200717835316,-5.796741726100404
2002-06-30,-41.651268689471,-44.212767814974356,26.233248248960933,-5.564272095315077
2002-07-01,-41.59484063567526,-43.35024420435439,25.690368070268526,-5.311970239734614
2002-07-02,-42.22575572314769,-43.75867814701098,26.265828848820174,-4.493653261368257
2002-07-03,-42.591434723179034,-45.77202630377954,25.49208692350259,-4.707718260238803
2002-07-04,-43.85026339732658,-44.7432488410001,25.942297049448936,-4.109913466499917
2002-07-05,-41.855931483472425,-44.73174716806004,25.198576987199356,-3.6677839014371147
2002-07-06,-42.31372915079603,-45.28620665597857,26.105811710206183,-2.8511625058829275
2002-07-07,-41.80077460671643,-45.745245380893536,25.182203801921464,-1.7976875837824844
2002-07-08,-41.323537726928166,-45.24536176807978,26.923578031244524,-1.9658209177785866
2002-07-09,-42.19942382591172,-44.97019122449609,26.8919139830311,-1.5691058711433603
2002-07-10,-42.38055659351622,-44.65853232022826,27.70343303684508,-0.800393457708365
2002-07-11,-41.79650595940905,-44.78034187227388,27.856696561839158,-1.6949897755644163
2002-07-12,-42.292644106704294,-44.261730724104794,27.006524251781816,-1.7821098174583536
2002-07-13,-41.51832535952608,-44.87604779918096,26.387337712447362,-3.015485690038297
2002-07-14,-42.69772407086994,-43.47452410535959,25.618585117899638,-2.8917999482388885
2002-07-15,-42.671845626672955,-41.97412445393648,25.94815766042246,-2.290722120859775
2002-07-16,-42.45194307739896,-40.94947939854899,25.190778107132083,-3.548833184077952
2002-07-17,-41.17429546393645,-42.13905505107838,23.977183821325237,-4.051074885598782
2002-07-18,-40.957242750082195,-41.579619664082664,25.285724605958464,-3.8004501010774208
2002-07-19,-40.40662286289866,-41.17503608339952,25.015519002202165,-4.602344249776654
2002-07-20,-40.60561666229229,-42.228996871408505,27.478244413600677,-3.8272160963645767
2002-07-21,-40.736351237145065,-41.94651348167402,27.02524624363761,-3.558550623432658
2002-07-22,-41.05393327044099,-43.6192138769501,26.57127310061844,-4.480763754961615
2002-07-23,-41.80585681814423,-41.52614099533234,26.407828231268557,-3.6989458734430407
2002-07-24,-41.40792173935461,-41.94971765094896,27.379561882923248,-1.6310523047241197
2002-07-25,-42.882994545575905,-42.01335546572594,28.39117847816555,-1.1837065967495382
2002-07-26,-41.857132027867976,-43.59910213266487,29.50208613740307,1.0663522265008907
2002-07-27,-42.873288701559474,-46.13242806672219,31.04897748607299,2.0680438080088344
2002-07-28,-41.5095769229036,-45.28419011979081,29.861263046044897,0.7345176696335998
2002-07-29,-41.18873721472621,-45.316282008322084,29.78413329172299,0.8269799551117087
2002-07-30,-40.361249160654225,-43.35988659881838,30.98983220290524,2.136051569517347
2002-07-31,-40.57514747725916,-44.076849601172604,31.761734402856412,2.0937173222293914
2002-08-01,-41.541433322816125,-44.86032659808367,30.64612352474706,2.406034789151558
2002-08-02,-43.82815835310385,-47.17803004106897,31.154245247275604,1.1658708187590676
2002-08-03,-44.85309606536262,-46.706329102605764,30.67441623173572,-0.3114667610954347
2002-08-04,-44.480579459794924,-47.28193098251424,30.743424172168474,0.5762991253301791
2002-08-05,-45.45910901836268,-48.0356236631223,32.02191957383167,0.23019638999141456
2002-08-06,-47.15927329128291,-50.25576465517174,32.74540119361933,0.32765867955346967
2002-08-07,-47.89235571086985,-51.23321428341583,32.20422980019532,-1.4531617820824723
2002-08-08,-47.236564583521414,-50.086073694726295,32.022727069493705,-2.9721876632917
2002-08-09,-46.86088173868499,-48.52920046677802,31.31181586523507,-2.5108313817334738
2002-08-10,-45.3230612560498,-47.695871510905015,30.90396767743992,-2.29736883525105
2002-08-11,-43.69137638249508,-47.37166925894145,30.643554703530636,-2.974854796357269
2002-08-12,-43.37370927503475,-47.75286019518855,29.986826506701448,-1.8089745699375512
2002-08-13,-43.9139461842222,-47.82846487391656,30.191876201454424,-2.1348934109582394
2002-08-14,-45.31634097995218,-46.95336532311626,31.058580472977937,-2.3015223875328594
2002-08-15,-45.71908687964509,-48.02964620630646,31.847520394747825,-1.97235084932405
2002-08-16,-47.05027780448627,-48.3538336933255,32.23368983490998,-1.177691376690194
2002-08-17,-45.2482032186126,-48.54368928437484,31.809204948256863,-2.2012297647529167
2002-08-18,-46.37853652407358,-49.52766950911389,34.13390932326981,-2.2884738547643897
2002-08-19,-46.03051982867499,-48.578296384451896,35.975487384058844,-1.887799263237574
2002-08-20,-45.67581601845087,-47.5257725862325,36.79029165579411,-2.162021452799895
2002-08-21,-46.397424426317315,-47.20024791003267,35.885021693086074,-1.830948057478183
2002-08-22,-48.88590390829983,-46.88658563170742,35.39571974866559,-2.3657500767658064
2002-08-23,-48.10187181933576,-47.78506911280365,35.06239608364671,-2.248827272718347
2002-08-24,-47.92049857653049,-48.1399009554073,35.629348662741975,-1.8744383676597491
2002-08-25,-48.03670474099797,-47.52164775811057,35.2932482719276,-0.712710661855936
2002-08-26,-46.92081514883162,-45.998623056614456,35.02371752991871,-0.30893972553852883
2002-08-27,-46.8007811536638,-47.40743490239883,34.54679087813436,-0.5049102067667286
2002-08-28,-47.16500454284236,-49.300599840099,34.69589311551494,-1.5553914332054481
2002-08-29,-46.77636793099317,-47.334080766496214,35.22177706747733,-0.9313171208665355
2002-08-30,-45.10791801479587,-44.91560807587555,35.181640654273075,1.2940592664105788
2002-08-31,-46.1294385704167,-44.63436978135409,34.402694087070905,1.1365627586005058
2002-09-01,-46.58665398186688,-45.52890585014839,36.036747130853676,1.7994282728311002
2002-09-02,-47.46936991580201,-45.341909055861024,36.18384405654412,-0.1821355219317231
2002-09-03,-46.86074545626503,-45.888714512059735,33.95519776205014,0.9124905581387004
2002-09-04,-45.191841907903274,-46.98271625861382,32.76595897782973,1.097929362901707
2002-09-05,-44.8845183475881,-47.68619653811077,32.49189872411696,1.1485666583824086
2002-09-06,-44.19520065865687,-47.638964034306774,32.27465109956635,1.9832434499701446
2002-09-07,-45.78633364684366,-47.44060207307022,30.657230747009883,1.957322567514371
2002-09-08,-44.19451028303726,-48.50748308243655,30.62397807783406,0.6492462535584165
2002-09-09,-42.88602179503882,-47.65303124649929,30.002496428248037,0.3341678001637875
2002-09-10,-41.223422263573894,-47.29112679459021,29.667771122533996,-0.2930899482955061
2002-09-11,-40.059077964540435,-47.05215074254395,29.121671148384458,0.2546045772665712
2002-09-12,-38.34500085240284,-46.671062368149016,29.694196867591092,-0.3881319280263365
2002-09-13,-39.645302600805245,-44.96056161840001,28.721342436772716,-0.18832094315741293
2002-09-14,-40.736543934078554,-44.575867543018845,30.33878126667974,1.393879668045989
2002-09-15,-40.61640543640313,-45.497121428070656,29.385514251921936,2.307508746093272
2002-09-16,-39.58614998171244,-46.19618601108043,29.75211565063908,0.82467938804622
2002-09-17,-39.271179618138994,-47.19257908322052,28.789394453440107,0.5440580434142823
2002-09-18,-38.67992234153562,-45.9450237162922,29.500253869455502,0.7164369238366195
2002-09-19,-39.54548100498966,-45.622746283031105,30.207036122506143,-0.4195714136814406
2002-09-20,-39.021518501997484,-44.86766664314998,29.84955965787227,-0.3405875249642416
2002-09-21,-39.341023775366814,-43.95767904049761,31.113785362854387,0.24522726577490928
2002-09-22,-40.84490023555548,-43.80891164825231,31.48453662264171,1.48767172637933
2002-09-23,-40.417480521716364,-44.05008454958757,33.580873160224904,-0.05589603877776805
2002-09-24,-41.14452813910357,-45.38591275371407,33.85207744209163,0.7581570608278622
2002-09-25,-39.60998278803677,-44.7490633174084,33.11750653375804,-0.30306691590559554
2002-09-26,-39.87617029606598,-44.357049628250614,32.414256920033544,1.4610200956657917
